Group,FilePath,FileName,WordCount
AI,/Users/fafaya/Desktop/语料处理+代码/废弃语料/TAASSC_Input_AI/AI_Applied_Linguistics_A_Longitudinal_Study_of_Advanced.txt,AI_Applied_Linguistics_A_Longitudinal_Study_of_Advanced.txt,182
AI,/Users/fafaya/Desktop/语料处理+代码/废弃语料/TAASSC_Input_AI/AI_Applied_Linguistics_A_Longitudinal_Study_of_Grammatical-Gender_Marking_in_French_as_an_Additional_Language.txt,AI_Applied_Linguistics_A_Longitudinal_Study_of_Grammatical-Gender_Marking_in_French_as_an_Additional_Language.txt,157
AI,/Users/fafaya/Desktop/语料处理+代码/废弃语料/TAASSC_Input_AI/AI_Applied_Linguistics_An_Organic_Syntactic_Complexity_Measure.txt,AI_Applied_Linguistics_An_Organic_Syntactic_Complexity_Measure.txt,175
AI,/Users/fafaya/Desktop/语料处理+代码/废弃语料/TAASSC_Input_AI/AI_Applied_Linguistics_Co-constructing_Social_Justice.txt,AI_Applied_Linguistics_Co-constructing_Social_Justice.txt,160
AI,/Users/fafaya/Desktop/语料处理+代码/废弃语料/TAASSC_Input_AI/AI_Applied_Linguistics_Critical_Race_Pedagogy_for_More_Effective_and_Inclusive_World_Language_Teaching.txt,AI_Applied_Linguistics_Critical_Race_Pedagogy_for_More_Effective_and_Inclusive_World_Language_Teaching.txt,160
AI,/Users/fafaya/Desktop/语料处理+代码/废弃语料/TAASSC_Input_AI/AI_Applied_Linguistics_Dynamic_Paths_of_Complexity_and_Accuracy_in_Second_Language_Speech.txt,AI_Applied_Linguistics_Dynamic_Paths_of_Complexity_and_Accuracy_in_Second_Language_Speech.txt,150
AI,/Users/fafaya/Desktop/语料处理+代码/废弃语料/TAASSC_Input_AI/AI_Applied_Linguistics_Dynamic_Paths_of_Complexity_and_Accuracy_in_Second_Language_Speech_A_Longitudinal_Case_Study_of_Chinese_Learners.txt,AI_Applied_Linguistics_Dynamic_Paths_of_Complexity_and_Accuracy_in_Second_Language_Speech_A_Longitudinal_Case_Study_of_Chinese_Learners.txt,157
AI,/Users/fafaya/Desktop/语料处理+代码/废弃语料/TAASSC_Input_AI/AI_Applied_Linguistics_Eliciting_and_Measuring_L2_Metaphoric_Competence.txt,AI_Applied_Linguistics_Eliciting_and_Measuring_L2_Metaphoric_Competence.txt,156
AI,/Users/fafaya/Desktop/语料处理+代码/废弃语料/TAASSC_Input_AI/AI_Applied_Linguistics_Emergence_of_Proactive_Self-Initiated_Self-Repair_as_an_Indicator_of_L2_IC_Development.txt,AI_Applied_Linguistics_Emergence_of_Proactive_Self-Initiated_Self-Repair_as_an_Indicator_of_L2_IC_Development.txt,167
AI,/Users/fafaya/Desktop/语料处理+代码/废弃语料/TAASSC_Input_AI/AI_Applied_Linguistics_I_Was_Surprised_to_See_You_in_a_Chinese_School.txt,AI_Applied_Linguistics_I_Was_Surprised_to_See_You_in_a_Chinese_School.txt,137
AI,/Users/fafaya/Desktop/语料处理+代码/废弃语料/TAASSC_Input_AI/AI_Applied_Linguistics_International_Publishing_as_A_Networked_Activity.txt,AI_Applied_Linguistics_International_Publishing_as_A_Networked_Activity.txt,151
AI,/Users/fafaya/Desktop/语料处理+代码/废弃语料/TAASSC_Input_AI/AI_Applied_Linguistics_Into_Collabs.txt,AI_Applied_Linguistics_Into_Collabs.txt,143
AI,/Users/fafaya/Desktop/语料处理+代码/废弃语料/TAASSC_Input_AI/AI_Applied_Linguistics_Juntos_Somos_Fuertes.txt,AI_Applied_Linguistics_Juntos_Somos_Fuertes.txt,130
AI,/Users/fafaya/Desktop/语料处理+代码/废弃语料/TAASSC_Input_AI/AI_Applied_Linguistics_Longitudinal_Growth_Trajectories_of_Written_Syntactic_Complexity_The_Case_of_Turkish_Learners_in_an_Intensive_English_Program.txt,AI_Applied_Linguistics_Longitudinal_Growth_Trajectories_of_Written_Syntactic_Complexity_The_Case_of_Turkish_Learners_in_an_Intensive_English_Program.txt,140
AI,/Users/fafaya/Desktop/语料处理+代码/废弃语料/TAASSC_Input_AI/AI_Applied_Linguistics_Making_Sense_of_the_Interpreter_Role.txt,AI_Applied_Linguistics_Making_Sense_of_the_Interpreter_Role.txt,169
AI,/Users/fafaya/Desktop/语料处理+代码/废弃语料/TAASSC_Input_AI/AI_Applied_Linguistics_Participation_in_a_Global_Hearing_Culture.txt,AI_Applied_Linguistics_Participation_in_a_Global_Hearing_Culture.txt,157
AI,/Users/fafaya/Desktop/语料处理+代码/废弃语料/TAASSC_Input_AI/AI_Applied_Linguistics_Police_Call-takers_First_Substantive_Question_Projects_the_Outcome_of_the_Call.txt,AI_Applied_Linguistics_Police_Call-takers_First_Substantive_Question_Projects_the_Outcome_of_the_Call.txt,120
AI,/Users/fafaya/Desktop/语料处理+代码/废弃语料/TAASSC_Input_AI/AI_Applied_Linguistics_Pursuing_Testimonial_Justice.txt,AI_Applied_Linguistics_Pursuing_Testimonial_Justice.txt,140
AI,/Users/fafaya/Desktop/语料处理+代码/废弃语料/TAASSC_Input_AI/AI_Applied_Linguistics_Qué_barbaridad_son_latinos_y_deberían_saber_español_primero.txt,AI_Applied_Linguistics_Qué_barbaridad_son_latinos_y_deberían_saber_español_primero.txt,141
AI,/Users/fafaya/Desktop/语料处理+代码/废弃语料/TAASSC_Input_AI/AI_Applied_Linguistics_Racialized_Trajectories_to_Catalan_Higher_Education.txt,AI_Applied_Linguistics_Racialized_Trajectories_to_Catalan_Higher_Education.txt,124
AI,/Users/fafaya/Desktop/语料处理+代码/废弃语料/TAASSC_Input_AI/AI_Applied_Linguistics_Researching_the_Intercultural_Intersubjectivity_and_the_Problem_with_Postpositivism.txt,AI_Applied_Linguistics_Researching_the_Intercultural_Intersubjectivity_and_the_Problem_with_Postpositivism.txt,111
AI,/Users/fafaya/Desktop/语料处理+代码/废弃语料/TAASSC_Input_AI/AI_Applied_Linguistics_Role_Models_in_Language_Learning.txt,AI_Applied_Linguistics_Role_Models_in_Language_Learning.txt,132
AI,/Users/fafaya/Desktop/语料处理+代码/废弃语料/TAASSC_Input_AI/AI_Applied_Linguistics_Supralingualism_and_the_Translatability_Industry.txt,AI_Applied_Linguistics_Supralingualism_and_the_Translatability_Industry.txt,125
AI,/Users/fafaya/Desktop/语料处理+代码/废弃语料/TAASSC_Input_AI/AI_Applied_Linguistics_Towards_a_Green_Applied_Linguistics_HumanSea_Turtle_Semiotic_Assemblages_in_Hawaii.txt,AI_Applied_Linguistics_Towards_a_Green_Applied_Linguistics_HumanSea_Turtle_Semiotic_Assemblages_in_Hawaii.txt,127
AI,/Users/fafaya/Desktop/语料处理+代码/废弃语料/TAASSC_Input_AI/AI_Applied_Linguistics_Translating_Culture_in_Global_Times_An_Introduction.txt,AI_Applied_Linguistics_Translating_Culture_in_Global_Times_An_Introduction.txt,156
AI,/Users/fafaya/Desktop/语料处理+代码/废弃语料/TAASSC_Input_AI/AI_Applied_Linguistics_Translating_Culture_in_the_Global_Workplace.txt,AI_Applied_Linguistics_Translating_Culture_in_the_Global_Workplace.txt,123
AI,/Users/fafaya/Desktop/语料处理+代码/废弃语料/TAASSC_Input_AI/AI_Applied_Linguistics_Translation_as_a_Prime_Player_in_Intercultural_Communication.txt,AI_Applied_Linguistics_Translation_as_a_Prime_Player_in_Intercultural_Communication.txt,134
AI,/Users/fafaya/Desktop/语料处理+代码/废弃语料/TAASSC_Input_AI/AI_Applied_Linguistics_Using_Character-Grams_to_Automatically_Generate_Pseudowords_and_How_to_Evaluate_Them.txt,AI_Applied_Linguistics_Using_Character-Grams_to_Automatically_Generate_Pseudowords_and_How_to_Evaluate_Them.txt,134
AI,/Users/fafaya/Desktop/语料处理+代码/废弃语料/TAASSC_Input_AI/AI_Applied_Linguistics_Whorf_in_the_Wild_Naturalistic_Evidence_from_Human_Interaction.txt,AI_Applied_Linguistics_Whorf_in_the_Wild_Naturalistic_Evidence_from_Human_Interaction.txt,134
AI,/Users/fafaya/Desktop/语料处理+代码/废弃语料/TAASSC_Input_AI/AI_Applied_Linguistics_Whose_Karate.txt,AI_Applied_Linguistics_Whose_Karate.txt,139
AI,/Users/fafaya/Desktop/语料处理+代码/废弃语料/TAASSC_Input_AI/AI_English_for_Specific_Purposes_A_corpus-based_list_of_commonly_used_English_medical_morphemes_for_students_learning_English_for_specific_purposes.txt,AI_English_for_Specific_Purposes_A_corpus-based_list_of_commonly_used_English_medical_morphemes_for_students_learning_English_for_specific_purposes.txt,155
AI,/Users/fafaya/Desktop/语料处理+代码/废弃语料/TAASSC_Input_AI/AI_English_for_Specific_Purposes_A_genre-based_exploration_of_intertextuality_and_interdiscursivity_in_advertorial_discoursetxt.txt,AI_English_for_Specific_Purposes_A_genre-based_exploration_of_intertextuality_and_interdiscursivity_in_advertorial_discoursetxt.txt,156
AI,/Users/fafaya/Desktop/语料处理+代码/废弃语料/TAASSC_Input_AI/AI_English_for_Specific_Purposes_A_multi-dimensional_analysis_of_the_Managements_Discussion_and_Analysis_narratives_in_Chinese_and_American_corporate_annual_reports.txt,AI_English_for_Specific_Purposes_A_multi-dimensional_analysis_of_the_Managements_Discussion_and_Analysis_narratives_in_Chinese_and_American_corporate_annual_reports.txt,170
AI,/Users/fafaya/Desktop/语料处理+代码/废弃语料/TAASSC_Input_AI/AI_English_for_Specific_Purposes_A_multi-level_contrastive_analysis_of_promotional_strategies_in_specialised_discourse.txt,AI_English_for_Specific_Purposes_A_multi-level_contrastive_analysis_of_promotional_strategies_in_specialised_discourse.txt,159
AI,/Users/fafaya/Desktop/语料处理+代码/废弃语料/TAASSC_Input_AI/AI_English_for_Specific_Purposes_A_periphery_inside_a_semi-periphery_The_uneven_participation_of_Brazilian_scholars_in_the_international_community.txt,AI_English_for_Specific_Purposes_A_periphery_inside_a_semi-periphery_The_uneven_participation_of_Brazilian_scholars_in_the_international_community.txt,156
AI,/Users/fafaya/Desktop/语料处理+代码/废弃语料/TAASSC_Input_AI/AI_English_for_Specific_Purposes_Academic_vocabulary_in_an_EAP_course_Opportunities_for_incidental_learning_from_printed_teaching_materials_developed_in-house.txt,AI_English_for_Specific_Purposes_Academic_vocabulary_in_an_EAP_course_Opportunities_for_incidental_learning_from_printed_teaching_materials_developed_in-house.txt,159
AI,/Users/fafaya/Desktop/语料处理+代码/废弃语料/TAASSC_Input_AI/AI_English_for_Specific_Purposes_Aligning_perceptions_with_reality_Lebanese_EMI_instructor_perceptions_of_students_writing_proficiency.txt,AI_English_for_Specific_Purposes_Aligning_perceptions_with_reality_Lebanese_EMI_instructor_perceptions_of_students_writing_proficiency.txt,153
AI,/Users/fafaya/Desktop/语料处理+代码/废弃语料/TAASSC_Input_AI/AI_English_for_Specific_Purposes_An_analysis_of_the_use_of_cognitive_discourse_functions_in_English-medium_history_teaching_at_university.txt,AI_English_for_Specific_Purposes_An_analysis_of_the_use_of_cognitive_discourse_functions_in_English-medium_history_teaching_at_university.txt,158
AI,/Users/fafaya/Desktop/语料处理+代码/废弃语料/TAASSC_Input_AI/AI_English_for_Specific_Purposes_An_exploratory_analysis_of_source_integration_in_post-secondary_L1_and_L2_source-based_writing.txt,AI_English_for_Specific_Purposes_An_exploratory_analysis_of_source_integration_in_post-secondary_L1_and_L2_source-based_writing.txt,169
AI,/Users/fafaya/Desktop/语料处理+代码/废弃语料/TAASSC_Input_AI/AI_English_for_Specific_Purposes_Analyzing_the_functions_of_lexical_bundles_in_undergraduate_academic_lectures_for_pedagogical_use.txt,AI_English_for_Specific_Purposes_Analyzing_the_functions_of_lexical_bundles_in_undergraduate_academic_lectures_for_pedagogical_use.txt,156
AI,/Users/fafaya/Desktop/语料处理+代码/废弃语料/TAASSC_Input_AI/AI_English_for_Specific_Purposes_Artists_statements_how_to_guides_and_the_conceptualisation_of_creative_practice.txt,AI_English_for_Specific_Purposes_Artists_statements_how_to_guides_and_the_conceptualisation_of_creative_practice.txt,145
AI,/Users/fafaya/Desktop/语料处理+代码/废弃语料/TAASSC_Input_AI/AI_English_for_Specific_Purposes_BELF_expert_users_Making_understanding_visible_in_internal_BELF_meetings_through_the_use_of_nonverbal_communication_strategies.txt,AI_English_for_Specific_Purposes_BELF_expert_users_Making_understanding_visible_in_internal_BELF_meetings_through_the_use_of_nonverbal_communication_strategies.txt,149
AI,/Users/fafaya/Desktop/语料处理+代码/废弃语料/TAASSC_Input_AI/AI_English_for_Specific_Purposes_Challenges_in_academic_writing_Perspectives_of_Engineering_faculty_and_L2_postgraduate_research_students.txt,AI_English_for_Specific_Purposes_Challenges_in_academic_writing_Perspectives_of_Engineering_faculty_and_L2_postgraduate_research_students.txt,145
AI,/Users/fafaya/Desktop/语料处理+代码/废弃语料/TAASSC_Input_AI/AI_English_for_Specific_Purposes_Delivering_relevance_The_emergence_of_ESP_as_a_discipline.txt,AI_English_for_Specific_Purposes_Delivering_relevance_The_emergence_of_ESP_as_a_discipline.txt,145
AI,/Users/fafaya/Desktop/语料处理+代码/废弃语料/TAASSC_Input_AI/AI_English_for_Specific_Purposes_Development_of_component_analysis_to_support_a_research-based_curriculum_for_writing_engineering_research_articles.txt,AI_English_for_Specific_Purposes_Development_of_component_analysis_to_support_a_research-based_curriculum_for_writing_engineering_research_articles.txt,145
AI,/Users/fafaya/Desktop/语料处理+代码/废弃语料/TAASSC_Input_AI/AI_English_for_Specific_Purposes_Engaging_with_the_reader_in_research_articles_in_English_Variation_across_disciplines_and_linguacultural_backgrounds.txt,AI_English_for_Specific_Purposes_Engaging_with_the_reader_in_research_articles_in_English_Variation_across_disciplines_and_linguacultural_backgrounds.txt,157
AI,/Users/fafaya/Desktop/语料处理+代码/废弃语料/TAASSC_Input_AI/AI_English_for_Specific_Purposes_Engineering_students_perceptions_of_the_role_of_ESP_courses_in_internationalized_universities.txt,AI_English_for_Specific_Purposes_Engineering_students_perceptions_of_the_role_of_ESP_courses_in_internationalized_universities.txt,157
AI,/Users/fafaya/Desktop/语料处理+代码/废弃语料/TAASSC_Input_AI/AI_English_for_Specific_Purposes_Exploring_the_socio-contextual_nature_of_workplace_writing_Towards_preparing_learners_for_the_complexities_of_English_L2_writing_in_the_workplace.txt,AI_English_for_Specific_Purposes_Exploring_the_socio-contextual_nature_of_workplace_writing_Towards_preparing_learners_for_the_complexities_of_English_L2_writing_in_the_workplace.txt,145
AI,/Users/fafaya/Desktop/语料处理+代码/废弃语料/TAASSC_Input_AI/AI_English_for_Specific_Purposes_If_it_had_been_conducted_with_a_larger_database_A_comparison_of_If-constructions_in_Chinese_L2_learners_theses_and_published_research_articles.txt,AI_English_for_Specific_Purposes_If_it_had_been_conducted_with_a_larger_database_A_comparison_of_If-constructions_in_Chinese_L2_learners_theses_and_published_research_articles.txt,153
AI,/Users/fafaya/Desktop/语料处理+代码/废弃语料/TAASSC_Input_AI/AI_English_for_Specific_Purposes_Parameters_of_variation_in_the_use_of_words_in_empirical_research_writing.txt,AI_English_for_Specific_Purposes_Parameters_of_variation_in_the_use_of_words_in_empirical_research_writing.txt,157
AI,/Users/fafaya/Desktop/语料处理+代码/废弃语料/TAASSC_Input_AI/AI_English_for_Specific_Purposes_Persuasion_strategies_for_demonstrating_topic_significance_in_reports_of_randomised_controlled_trials.txt,AI_English_for_Specific_Purposes_Persuasion_strategies_for_demonstrating_topic_significance_in_reports_of_randomised_controlled_trials.txt,151
AI,/Users/fafaya/Desktop/语料处理+代码/废弃语料/TAASSC_Input_AI/AI_English_for_Specific_Purposes_Pragmatic_force_modifiers_in_English-medium_masters_thesis_defenses_in_Taiwan_universities.txt,AI_English_for_Specific_Purposes_Pragmatic_force_modifiers_in_English-medium_masters_thesis_defenses_in_Taiwan_universities.txt,152
AI,/Users/fafaya/Desktop/语料处理+代码/废弃语料/TAASSC_Input_AI/AI_English_for_Specific_Purposes_Promoting_discipline-specific_genre_competence_with_corpus-based_genre_analysis_activities.txt,AI_English_for_Specific_Purposes_Promoting_discipline-specific_genre_competence_with_corpus-based_genre_analysis_activities.txt,140
AI,/Users/fafaya/Desktop/语料处理+代码/废弃语料/TAASSC_Input_AI/AI_English_for_Specific_Purposes_Selling_research_in_RA_discussion_sections_through_English_and_Spanish_An_intercultural_rhetoric_approach.txt,AI_English_for_Specific_Purposes_Selling_research_in_RA_discussion_sections_through_English_and_Spanish_An_intercultural_rhetoric_approach.txt,142
AI,/Users/fafaya/Desktop/语料处理+代码/废弃语料/TAASSC_Input_AI/AI_English_for_Specific_Purposes_Temporal_change_in_dissertation_macrostructures.txt,AI_English_for_Specific_Purposes_Temporal_change_in_dissertation_macrostructures.txt,136
AI,/Users/fafaya/Desktop/语料处理+代码/废弃语料/TAASSC_Input_AI/AI_English_for_Specific_Purposes_The_creation_and_evaluation_of_a_grammar_pattern_list_for_the_most_frequent_academic_verbs.txt,AI_English_for_Specific_Purposes_The_creation_and_evaluation_of_a_grammar_pattern_list_for_the_most_frequent_academic_verbs.txt,138
AI,/Users/fafaya/Desktop/语料处理+代码/废弃语料/TAASSC_Input_AI/AI_English_for_Specific_Purposes_The_place_of_language_in_the_theoretical_tenets_textbooks_and_classroom_practices_in_the_ESP_genre-based_approach_to_teaching_writing.txt,AI_English_for_Specific_Purposes_The_place_of_language_in_the_theoretical_tenets_textbooks_and_classroom_practices_in_the_ESP_genre-based_approach_to_teaching_writing.txt,153
AI,/Users/fafaya/Desktop/语料处理+代码/废弃语料/TAASSC_Input_AI/AI_English_for_Specific_Purposes_The_project_SubESPSKills_Subtitling_tasks_for_students_of_Business_English_to_improve_written_production_skills.txt,AI_English_for_Specific_Purposes_The_project_SubESPSKills_Subtitling_tasks_for_students_of_Business_English_to_improve_written_production_skills.txt,151
AI,/Users/fafaya/Desktop/语料处理+代码/废弃语料/TAASSC_Input_AI/AI_English_for_Specific_Purposes_Using_English_as_a_lingua_franca_to_engage_with_investors_An_analysis_of_Italian_and_Japanese_companies_investor_relations_communication_policies.txt,AI_English_for_Specific_Purposes_Using_English_as_a_lingua_franca_to_engage_with_investors_An_analysis_of_Italian_and_Japanese_companies_investor_relations_communication_policies.txt,149
AI,/Users/fafaya/Desktop/语料处理+代码/废弃语料/TAASSC_Input_AI/AI_English_for_Specific_Purposes_Variation_in_interpersonal_relations_in_manuscript_reviews_with_different_recommendations.txt,AI_English_for_Specific_Purposes_Variation_in_interpersonal_relations_in_manuscript_reviews_with_different_recommendations.txt,153
AI,/Users/fafaya/Desktop/语料处理+代码/废弃语料/TAASSC_Input_AI/AI_Journal_of_English_for_Academic_Purposes_A_review_of_research_on_authorial_evaluation_in_English_academic_writing_A_methodological_perspective.txt,AI_Journal_of_English_for_Academic_Purposes_A_review_of_research_on_authorial_evaluation_in_English_academic_writing_A_methodological_perspective.txt,153
AI,/Users/fafaya/Desktop/语料处理+代码/废弃语料/TAASSC_Input_AI/AI_Journal_of_English_for_Academic_Purposes_An_Analysis_of_Citations_in_Chinese_English-major_Masters_Theses_and_Doctoral_Dissertations.txt,AI_Journal_of_English_for_Academic_Purposes_An_Analysis_of_Citations_in_Chinese_English-major_Masters_Theses_and_Doctoral_Dissertations.txt,151
AI,/Users/fafaya/Desktop/语料处理+代码/废弃语料/TAASSC_Input_AI/AI_Journal_of_English_for_Academic_Purposes_Authorial_presence_in_research_article_abstracts_A_diachronic_investigation_of_the_use_of_first_person_pronouns.txt,AI_Journal_of_English_for_Academic_Purposes_Authorial_presence_in_research_article_abstracts_A_diachronic_investigation_of_the_use_of_first_person_pronouns.txt,159
AI,/Users/fafaya/Desktop/语料处理+代码/废弃语料/TAASSC_Input_AI/AI_Journal_of_English_for_Academic_Purposes_Big_ideas__sharp_focus_Researching_and_developing_students_academic_writing_across_the_disciplines.txt,AI_Journal_of_English_for_Academic_Purposes_Big_ideas__sharp_focus_Researching_and_developing_students_academic_writing_across_the_disciplines.txt,155
AI,/Users/fafaya/Desktop/语料处理+代码/废弃语料/TAASSC_Input_AI/AI_Journal_of_English_for_Academic_Purposes_Critical_review_of_literature_The_case_of_the_news_and_views_genre.txt,AI_Journal_of_English_for_Academic_Purposes_Critical_review_of_literature_The_case_of_the_news_and_views_genre.txt,139
AI,/Users/fafaya/Desktop/语料处理+代码/废弃语料/TAASSC_Input_AI/AI_Journal_of_English_for_Academic_Purposes_Effects_of_explicit_instruction_on_noun_phrase_production_in_L2_undergraduate_writing.txt,AI_Journal_of_English_for_Academic_Purposes_Effects_of_explicit_instruction_on_noun_phrase_production_in_L2_undergraduate_writing.txt,135
AI,/Users/fafaya/Desktop/语料处理+代码/废弃语料/TAASSC_Input_AI/AI_Journal_of_English_for_Academic_Purposes_Examining_the_effects_of_comprehensive_written_corrective_feedback_on_L2_EAP_students_linguistic_performance_A_mixed-methods_study.txt,AI_Journal_of_English_for_Academic_Purposes_Examining_the_effects_of_comprehensive_written_corrective_feedback_on_L2_EAP_students_linguistic_performance_A_mixed-methods_study.txt,144
AI,/Users/fafaya/Desktop/语料处理+代码/废弃语料/TAASSC_Input_AI/AI_Journal_of_English_for_Academic_Purposes_Exemplification_in_research_articles_Structural_semantic_and_metadiscursive_properties_across_disciplines.txt,AI_Journal_of_English_for_Academic_Purposes_Exemplification_in_research_articles_Structural_semantic_and_metadiscursive_properties_across_disciplines.txt,136
AI,/Users/fafaya/Desktop/语料处理+代码/废弃语料/TAASSC_Input_AI/AI_Journal_of_English_for_Academic_Purposes_Exploring_polysemy_in_the_Academic_Vocabulary_List_A_lexicographic_approach.txt,AI_Journal_of_English_for_Academic_Purposes_Exploring_polysemy_in_the_Academic_Vocabulary_List_A_lexicographic_approach.txt,147
AI,/Users/fafaya/Desktop/语料处理+代码/废弃语料/TAASSC_Input_AI/AI_Journal_of_English_for_Academic_Purposes_Graduate-level_research_writing_instruction_Two_Chinese_EAP_teachers_localized_ESP_genre-based_pedagogy.txt,AI_Journal_of_English_for_Academic_Purposes_Graduate-level_research_writing_instruction_Two_Chinese_EAP_teachers_localized_ESP_genre-based_pedagogy.txt,140
AI,/Users/fafaya/Desktop/语料处理+代码/废弃语料/TAASSC_Input_AI/AI_Journal_of_English_for_Academic_Purposes_Harnessing_learner_research_agendas_to_continuously_explore_EAP_learners_needs.txt,AI_Journal_of_English_for_Academic_Purposes_Harnessing_learner_research_agendas_to_continuously_explore_EAP_learners_needs.txt,111
AI,/Users/fafaya/Desktop/语料处理+代码/废弃语料/TAASSC_Input_AI/AI_Journal_of_English_for_Academic_Purposes_However_and_other_transitions_in_the_Han_CH-EN_corpus.txt,AI_Journal_of_English_for_Academic_Purposes_However_and_other_transitions_in_the_Han_CH-EN_corpus.txt,149
AI,/Users/fafaya/Desktop/语料处理+代码/废弃语料/TAASSC_Input_AI/AI_Journal_of_English_for_Academic_Purposes_International_students_engagement_with_support_in_developing_source_use_abilities_A_longitudinal_case_study.txt,AI_Journal_of_English_for_Academic_Purposes_International_students_engagement_with_support_in_developing_source_use_abilities_A_longitudinal_case_study.txt,146
AI,/Users/fafaya/Desktop/语料处理+代码/废弃语料/TAASSC_Input_AI/AI_Journal_of_English_for_Academic_Purposes_Investigating_the_effects_of_reducing_linguistic_complexity_on_EAL_student_comprehension_in_first-year_undergraduate_assessments.txt,AI_Journal_of_English_for_Academic_Purposes_Investigating_the_effects_of_reducing_linguistic_complexity_on_EAL_student_comprehension_in_first-year_undergraduate_assessments.txt,138
AI,/Users/fafaya/Desktop/语料处理+代码/废弃语料/TAASSC_Input_AI/AI_Journal_of_English_for_Academic_Purposes_Lets_say_Phraseological_patterns_of_say_in_academic_ELF_communication.txt,AI_Journal_of_English_for_Academic_Purposes_Lets_say_Phraseological_patterns_of_say_in_academic_ELF_communication.txt,145
AI,/Users/fafaya/Desktop/语料处理+代码/废弃语料/TAASSC_Input_AI/AI_Journal_of_English_for_Academic_Purposes_Local_grammars_and_discourse_acts_in_academic_writing_A_case_study_of_exemplification_in_Linguistics_research_articles.txt,AI_Journal_of_English_for_Academic_Purposes_Local_grammars_and_discourse_acts_in_academic_writing_A_case_study_of_exemplification_in_Linguistics_research_articles.txt,139
AI,/Users/fafaya/Desktop/语料处理+代码/废弃语料/TAASSC_Input_AI/AI_Journal_of_English_for_Academic_Purposes_Looking_past_limiting_conditions_Prioritizing_meaning_in_EAP.txt,AI_Journal_of_English_for_Academic_Purposes_Looking_past_limiting_conditions_Prioritizing_meaning_in_EAP.txt,159
AI,/Users/fafaya/Desktop/语料处理+代码/废弃语料/TAASSC_Input_AI/AI_Journal_of_English_for_Academic_Purposes_Measuring_the_importance_of_information_in_student_notes_An_initial_venture.txt,AI_Journal_of_English_for_Academic_Purposes_Measuring_the_importance_of_information_in_student_notes_An_initial_venture.txt,160
AI,/Users/fafaya/Desktop/语料处理+代码/废弃语料/TAASSC_Input_AI/AI_Journal_of_English_for_Academic_Purposes_Piracy_playing_the_system_or_poor_policies_Perspectives_on_plagiarism_in_Thailand.txt,AI_Journal_of_English_for_Academic_Purposes_Piracy_playing_the_system_or_poor_policies_Perspectives_on_plagiarism_in_Thailand.txt,156
AI,/Users/fafaya/Desktop/语料处理+代码/废弃语料/TAASSC_Input_AI/AI_Journal_of_English_for_Academic_Purposes_Profiling_figure_legends_in_scientific_research_articles_A_corpus-driven_approach.txt,AI_Journal_of_English_for_Academic_Purposes_Profiling_figure_legends_in_scientific_research_articles_A_corpus-driven_approach.txt,155
AI,/Users/fafaya/Desktop/语料处理+代码/废弃语料/TAASSC_Input_AI/AI_Journal_of_English_for_Academic_Purposes_Reconceptualising_the_notion_of_finding.txt,AI_Journal_of_English_for_Academic_Purposes_Reconceptualising_the_notion_of_finding.txt,154
AI,/Users/fafaya/Desktop/语料处理+代码/废弃语料/TAASSC_Input_AI/AI_Journal_of_English_for_Academic_Purposes_Stance_and_engagement_in_3MT_presentations_How_students_communicate_disciplinary_knowledge_to_a_wide_audience.txt,AI_Journal_of_English_for_Academic_Purposes_Stance_and_engagement_in_3MT_presentations_How_students_communicate_disciplinary_knowledge_to_a_wide_audience.txt,150
AI,/Users/fafaya/Desktop/语料处理+代码/废弃语料/TAASSC_Input_AI/AI_Journal_of_English_for_Academic_Purposes_Student_perceptions_of_critical_thinking_in_EMI_programs_at_Japanese_universities_A_Q-methodology_study.txt,AI_Journal_of_English_for_Academic_Purposes_Student_perceptions_of_critical_thinking_in_EMI_programs_at_Japanese_universities_A_Q-methodology_study.txt,157
AI,/Users/fafaya/Desktop/语料处理+代码/废弃语料/TAASSC_Input_AI/AI_Journal_of_English_for_Academic_Purposes_Syntactic_complexity_in_English_as_a_lingua_franca_academic_writing.txt,AI_Journal_of_English_for_Academic_Purposes_Syntactic_complexity_in_English_as_a_lingua_franca_academic_writing.txt,157
AI,/Users/fafaya/Desktop/语料处理+代码/废弃语料/TAASSC_Input_AI/AI_Journal_of_English_for_Academic_Purposes_Systemic_Functional_Linguistics_for_the_EGAP_module_Revisiting_the_common_core.txt,AI_Journal_of_English_for_Academic_Purposes_Systemic_Functional_Linguistics_for_the_EGAP_module_Revisiting_the_common_core.txt,161
AI,/Users/fafaya/Desktop/语料处理+代码/废弃语料/TAASSC_Input_AI/AI_Journal_of_English_for_Academic_Purposes_Teaching_lecture_comprehension_skills_through_OpenCourseWare_video-recorded_lectures_A_research-informed_classroom_application.txt,AI_Journal_of_English_for_Academic_Purposes_Teaching_lecture_comprehension_skills_through_OpenCourseWare_video-recorded_lectures_A_research-informed_classroom_application.txt,141
AI,/Users/fafaya/Desktop/语料处理+代码/废弃语料/TAASSC_Input_AI/AI_Journal_of_English_for_Academic_Purposes_The_bottom_line_Are_idioms_used_in_English_academic_speech_and_writing.txt,AI_Journal_of_English_for_Academic_Purposes_The_bottom_line_Are_idioms_used_in_English_academic_speech_and_writing.txt,164
AI,/Users/fafaya/Desktop/语料处理+代码/废弃语料/TAASSC_Input_AI/AI_Journal_of_English_for_Academic_Purposes_Think_about_how_fascinating_this_is_Engagement_in_academic_blogs_across_disciplines.txt,AI_Journal_of_English_for_Academic_Purposes_Think_about_how_fascinating_this_is_Engagement_in_academic_blogs_across_disciplines.txt,153
AI,/Users/fafaya/Desktop/语料处理+代码/废弃语料/TAASSC_Input_AI/AI_Journal_of_English_for_Academic_Purposes_When_a_bug_is_not_a_bug_An_introduction_to_the_computer_science_academic_vocabulary_list.txt,AI_Journal_of_English_for_Academic_Purposes_When_a_bug_is_not_a_bug_An_introduction_to_the_computer_science_academic_vocabulary_list.txt,171
AI,/Users/fafaya/Desktop/语料处理+代码/废弃语料/TAASSC_Input_AI/AI_Journal_of_English_for_Academic_Purposes_Whos_afraid_of_phrasal_verbs_The_use_of_phrasal_verbs_in_expert_academic_writing_in_the_discipline_of_linguistics.txt,AI_Journal_of_English_for_Academic_Purposes_Whos_afraid_of_phrasal_verbs_The_use_of_phrasal_verbs_in_expert_academic_writing_in_the_discipline_of_linguistics.txt,152
AI,/Users/fafaya/Desktop/语料处理+代码/废弃语料/TAASSC_Input_AI/AI_Journal_of_Second_Language_Writing_Are_two_heads_really_better_than_one_A_meta-analysis_of_the_L2_learning_benefits_of_collaborative_writing.txt,AI_Journal_of_Second_Language_Writing_Are_two_heads_really_better_than_one_A_meta-analysis_of_the_L2_learning_benefits_of_collaborative_writing.txt,159
AI,/Users/fafaya/Desktop/语料处理+代码/废弃语料/TAASSC_Input_AI/AI_Journal_of_Second_Language_Writing_Assessing_digital_multimodal_composing_in_second_language_writing_Towards_a_process-based_model.txt,AI_Journal_of_Second_Language_Writing_Assessing_digital_multimodal_composing_in_second_language_writing_Towards_a_process-based_model.txt,162
AI,/Users/fafaya/Desktop/语料处理+代码/废弃语料/TAASSC_Input_AI/AI_Journal_of_Second_Language_Writing_Challenging_the_connection_between_task_perceptions_and_language_use_in_L2_writing_Genre_cognitive_task_complexity_and_linguistic_complexity.txt,AI_Journal_of_Second_Language_Writing_Challenging_the_connection_between_task_perceptions_and_language_use_in_L2_writing_Genre_cognitive_task_complexity_and_linguistic_complexity.txt,166
AI,/Users/fafaya/Desktop/语料处理+代码/废弃语料/TAASSC_Input_AI/AI_Journal_of_Second_Language_Writing_Collaborative_writing_in_a_Chinese_as_a_foreign_language_classroom_Learners_perceptions_and_motivations.txt,AI_Journal_of_Second_Language_Writing_Collaborative_writing_in_a_Chinese_as_a_foreign_language_classroom_Learners_perceptions_and_motivations.txt,154
AI,/Users/fafaya/Desktop/语料处理+代码/废弃语料/TAASSC_Input_AI/AI_Journal_of_Second_Language_Writing_Computer-mediated_collaborative_writing_in_L2_classrooms_A_systematic_review.txt,AI_Journal_of_Second_Language_Writing_Computer-mediated_collaborative_writing_in_L2_classrooms_A_systematic_review.txt,167
AI,/Users/fafaya/Desktop/语料处理+代码/废弃语料/TAASSC_Input_AI/AI_Journal_of_Second_Language_Writing_Effect_of_strategy_instruction_on_EFL_students_video-mediated_integrated_writing_performance.txt,AI_Journal_of_Second_Language_Writing_Effect_of_strategy_instruction_on_EFL_students_video-mediated_integrated_writing_performance.txt,158
AI,/Users/fafaya/Desktop/语料处理+代码/废弃语料/TAASSC_Input_AI/AI_Journal_of_Second_Language_Writing_Elements_of_doctoral_apprenticeship_Community_feedback_and_the_acquisition_of_writing_expertise.txt,AI_Journal_of_Second_Language_Writing_Elements_of_doctoral_apprenticeship_Community_feedback_and_the_acquisition_of_writing_expertise.txt,142
AI,/Users/fafaya/Desktop/语料处理+代码/废弃语料/TAASSC_Input_AI/AI_Journal_of_Second_Language_Writing_Emergence_of_multiple_groups_of_learners_with_different_writing-development_trajectories_in_classroom_Growth_mixture_modeling.txt,AI_Journal_of_Second_Language_Writing_Emergence_of_multiple_groups_of_learners_with_different_writing-development_trajectories_in_classroom_Growth_mixture_modeling.txt,146
AI,/Users/fafaya/Desktop/语料处理+代码/废弃语料/TAASSC_Input_AI/AI_Journal_of_Second_Language_Writing_Empowering_learners_in_the_secondforeign_language_classroom_Can_self-regulated_learning_strategies-based_writing_instruction_make_a_difference.txt,AI_Journal_of_Second_Language_Writing_Empowering_learners_in_the_secondforeign_language_classroom_Can_self-regulated_learning_strategies-based_writing_instruction_make_a_difference.txt,144
AI,/Users/fafaya/Desktop/语料处理+代码/废弃语料/TAASSC_Input_AI/AI_Journal_of_Second_Language_Writing_English_language_teaching_of_attitude_and_emotion_in_digital_multimodal_composition.txt,AI_Journal_of_Second_Language_Writing_English_language_teaching_of_attitude_and_emotion_in_digital_multimodal_composition.txt,148
AI,/Users/fafaya/Desktop/语料处理+代码/废弃语料/TAASSC_Input_AI/AI_Journal_of_Second_Language_Writing_English_writing_skills_of_students_in_upper_secondary_education_Results_from_an_empirical_study_in_Switzerland_and_Germany.txt,AI_Journal_of_Second_Language_Writing_English_writing_skills_of_students_in_upper_secondary_education_Results_from_an_empirical_study_in_Switzerland_and_Germany.txt,162
AI,/Users/fafaya/Desktop/语料处理+代码/废弃语料/TAASSC_Input_AI/AI_Journal_of_Second_Language_Writing_Exploring_the_relationships_among_cognitive_and_linguistic_resources_writing_processes_and_written_products_in_second_language_writing.txt,AI_Journal_of_Second_Language_Writing_Exploring_the_relationships_among_cognitive_and_linguistic_resources_writing_processes_and_written_products_in_second_language_writing.txt,133
AI,/Users/fafaya/Desktop/语料处理+代码/废弃语料/TAASSC_Input_AI/AI_Journal_of_Second_Language_Writing_Feedback-giving_practice_for_L2_writing_teachers_Friend_or_foe.txt,AI_Journal_of_Second_Language_Writing_Feedback-giving_practice_for_L2_writing_teachers_Friend_or_foe.txt,107
AI,/Users/fafaya/Desktop/语料处理+代码/废弃语料/TAASSC_Input_AI/AI_Journal_of_Second_Language_Writing_Future_selves_enjoyment_and_anxiety_as_predictors_of_L2_writing_achievement.txt,AI_Journal_of_Second_Language_Writing_Future_selves_enjoyment_and_anxiety_as_predictors_of_L2_writing_achievement.txt,102
AI,/Users/fafaya/Desktop/语料处理+代码/废弃语料/TAASSC_Input_AI/AI_Journal_of_Second_Language_Writing_Investigating_L2_writing_through_tutor-tutee_interactions_and_revisions_A_case_study_of_a_multilingual_writer_in_EAP_tutorials.txt,AI_Journal_of_Second_Language_Writing_Investigating_L2_writing_through_tutor-tutee_interactions_and_revisions_A_case_study_of_a_multilingual_writer_in_EAP_tutorials.txt,119
AI,/Users/fafaya/Desktop/语料处理+代码/废弃语料/TAASSC_Input_AI/AI_Journal_of_Second_Language_Writing_Multimodal_assignments_in_higher_education_Implications_for_multimodal_writing_tasks_for_L2_writers.txt,AI_Journal_of_Second_Language_Writing_Multimodal_assignments_in_higher_education_Implications_for_multimodal_writing_tasks_for_L2_writers.txt,98
AI,/Users/fafaya/Desktop/语料处理+代码/废弃语料/TAASSC_Input_AI/AI_Journal_of_Second_Language_Writing_Relationship_between_second_language_English_writing_self-efficacy_and_achievement_A_meta-regression_analysis.txt,AI_Journal_of_Second_Language_Writing_Relationship_between_second_language_English_writing_self-efficacy_and_achievement_A_meta-regression_analysis.txt,83
AI,/Users/fafaya/Desktop/语料处理+代码/废弃语料/TAASSC_Input_AI/AI_Journal_of_Second_Language_Writing_Self-regulation_and_personality_among_L2_writers_Integrating_trait_state_and_learner_perspectives.txt,AI_Journal_of_Second_Language_Writing_Self-regulation_and_personality_among_L2_writers_Integrating_trait_state_and_learner_perspectives.txt,132
AI,/Users/fafaya/Desktop/语料处理+代码/废弃语料/TAASSC_Input_AI/AI_Journal_of_Second_Language_Writing_Syntactic_and_lexical_features_of_adolescent_L2_students_academic_writing.txt,AI_Journal_of_Second_Language_Writing_Syntactic_and_lexical_features_of_adolescent_L2_students_academic_writing.txt,85
AI,/Users/fafaya/Desktop/语料处理+代码/废弃语料/TAASSC_Input_AI/AI_Journal_of_Second_Language_Writing_Teachers_attempts_at_focused_written_corrective_feedback_in_situ.txt,AI_Journal_of_Second_Language_Writing_Teachers_attempts_at_focused_written_corrective_feedback_in_situ.txt,197
AI,/Users/fafaya/Desktop/语料处理+代码/废弃语料/TAASSC_Input_AI/AI_Journal_of_Second_Language_Writing_The_effects_of_working_memory_and_L2_proficiency_on_L2_writing.txt,AI_Journal_of_Second_Language_Writing_The_effects_of_working_memory_and_L2_proficiency_on_L2_writing.txt,122
AI,/Users/fafaya/Desktop/语料处理+代码/废弃语料/TAASSC_Input_AI/AI_Journal_of_Second_Language_Writing_The_longitudinal_development_of_second_language_writers_metacognitive_genre_awareness.txt,AI_Journal_of_Second_Language_Writing_The_longitudinal_development_of_second_language_writers_metacognitive_genre_awareness.txt,145
AI,/Users/fafaya/Desktop/语料处理+代码/废弃语料/TAASSC_Input_AI/AI_Journal_of_Second_Language_Writing_The_potential_power_of_play_in_second_language_academic_writing.txt,AI_Journal_of_Second_Language_Writing_The_potential_power_of_play_in_second_language_academic_writing.txt,91
AI,/Users/fafaya/Desktop/语料处理+代码/废弃语料/TAASSC_Input_AI/AI_Journal_of_Second_Language_Writing_Transpacific_telecollaboration_and_L2_writing_Influences_of_interpersonal_dynamics_on_peer_feedback_and_revision_uptake.txt,AI_Journal_of_Second_Language_Writing_Transpacific_telecollaboration_and_L2_writing_Influences_of_interpersonal_dynamics_on_peer_feedback_and_revision_uptake.txt,130
AI,/Users/fafaya/Desktop/语料处理+代码/废弃语料/TAASSC_Input_AI/AI_Journal_of_Second_Language_Writing_Understanding_L2_writing_teacher_expertise.txt,AI_Journal_of_Second_Language_Writing_Understanding_L2_writing_teacher_expertise.txt,108
AI,/Users/fafaya/Desktop/语料处理+代码/废弃语料/TAASSC_Input_AI/AI_Journal_of_Second_Language_Writing_Understanding_Macau_novice_secondary_teachers_beliefs_and_practices_of_EFL_writing_instruction_A_complexity_theory_perspective.txt,AI_Journal_of_Second_Language_Writing_Understanding_Macau_novice_secondary_teachers_beliefs_and_practices_of_EFL_writing_instruction_A_complexity_theory_perspective.txt,165
AI,/Users/fafaya/Desktop/语料处理+代码/废弃语料/TAASSC_Input_AI/AI_Journal_of_Second_Language_Writing_Variability_as_predictor_in_L2_writing_proficiency.txt,AI_Journal_of_Second_Language_Writing_Variability_as_predictor_in_L2_writing_proficiency.txt,156
AI,/Users/fafaya/Desktop/语料处理+代码/废弃语料/TAASSC_Input_AI/AI_Journal_of_Second_Language_Writing_Verb_argument_construction_complexity_indices_and_L2_writing_quality_Effects_of_writing_tasks_and_prompts.txt,AI_Journal_of_Second_Language_Writing_Verb_argument_construction_complexity_indices_and_L2_writing_quality_Effects_of_writing_tasks_and_prompts.txt,155
AI,/Users/fafaya/Desktop/语料处理+代码/废弃语料/TAASSC_Input_AI/AI_Journal_of_Second_Language_Writing_Video_and_text_feedback_on_ESL_writing_Understanding_attitude_and_negotiating_relationships.txt,AI_Journal_of_Second_Language_Writing_Video_and_text_feedback_on_ESL_writing_Understanding_attitude_and_negotiating_relationships.txt,135
AI,/Users/fafaya/Desktop/语料处理+代码/废弃语料/TAASSC_Input_AI/AI_Journal_of_Second_Language_Writing_What_works_may_hurt_The_negative_side_of_feedback_in_second_language_writing.txt,AI_Journal_of_Second_Language_Writing_What_works_may_hurt_The_negative_side_of_feedback_in_second_language_writing.txt,96
AI,/Users/fafaya/Desktop/语料处理+代码/废弃语料/TAASSC_Input_AI/AI_System_A_comparative_study_of_the_effects_of_L1_and_L2_prewriting_discussions_on_L2_writing_performance.txt,AI_System_A_comparative_study_of_the_effects_of_L1_and_L2_prewriting_discussions_on_L2_writing_performance.txt,165
AI,/Users/fafaya/Desktop/语料处理+代码/废弃语料/TAASSC_Input_AI/AI_System_A_diachronic_analysis_of_explicit_definitions_and_implicit_conceptualizations_of_language_learning_strategies.txt,AI_System_A_diachronic_analysis_of_explicit_definitions_and_implicit_conceptualizations_of_language_learning_strategies.txt,152
AI,/Users/fafaya/Desktop/语料处理+代码/废弃语料/TAASSC_Input_AI/AI_System_A_latent_profile_analysis_of_EFL_learners_self-efficacy_Associations_with_academic_emotions_and_language_proficiency.txt,AI_System_A_latent_profile_analysis_of_EFL_learners_self-efficacy_Associations_with_academic_emotions_and_language_proficiency.txt,151
AI,/Users/fafaya/Desktop/语料处理+代码/废弃语料/TAASSC_Input_AI/AI_System_A_study_of_Chinese_EFL_learners_problems_with_stress_acquisition.txt,AI_System_A_study_of_Chinese_EFL_learners_problems_with_stress_acquisition.txt,87
AI,/Users/fafaya/Desktop/语料处理+代码/废弃语料/TAASSC_Input_AI/AI_System_Collage_of_confusion_An_analysis_of_one_universitys_multiple_plagiarism_policies.txt,AI_System_Collage_of_confusion_An_analysis_of_one_universitys_multiple_plagiarism_policies.txt,97
AI,/Users/fafaya/Desktop/语料处理+代码/废弃语料/TAASSC_Input_AI/AI_System_Combining_computer-mediated_communication_with_data-driven_instruction_EFL_learners_pragmatic_development_of_compliment_responses.txt,AI_System_Combining_computer-mediated_communication_with_data-driven_instruction_EFL_learners_pragmatic_development_of_compliment_responses.txt,158
AI,/Users/fafaya/Desktop/语料处理+代码/废弃语料/TAASSC_Input_AI/AI_System_Conversation_Cloud_A_videoconferencing_learning_ecology_for_Thai_undergraduate_EFL_learners.txt,AI_System_Conversation_Cloud_A_videoconferencing_learning_ecology_for_Thai_undergraduate_EFL_learners.txt,108
AI,/Users/fafaya/Desktop/语料处理+代码/废弃语料/TAASSC_Input_AI/AI_System_Effects_of_an_Instant_Response_System_integrated_learning_activity_on_EFL_students_learning_achievement_and_perceptions.txt,AI_System_Effects_of_an_Instant_Response_System_integrated_learning_activity_on_EFL_students_learning_achievement_and_perceptions.txt,120
AI,/Users/fafaya/Desktop/语料处理+代码/废弃语料/TAASSC_Input_AI/AI_System_Epistemic_agency_a_double-stimulation_and_video-based_learning_A_formative_intervention_study_in_language_teacher_education.txt,AI_System_Epistemic_agency_a_double-stimulation_and_video-based_learning_A_formative_intervention_study_in_language_teacher_education.txt,100
AI,/Users/fafaya/Desktop/语料处理+代码/废弃语料/TAASSC_Input_AI/AI_System_Explicit_instruction_for_the_development_of_L2_Spanish_pragmatic_ability_during_study_abroad.txt,AI_System_Explicit_instruction_for_the_development_of_L2_Spanish_pragmatic_ability_during_study_abroad.txt,110
AI,/Users/fafaya/Desktop/语料处理+代码/废弃语料/TAASSC_Input_AI/AI_System_Exploring_students_demotivation_and_remotivation_in_learning_English.txt,AI_System_Exploring_students_demotivation_and_remotivation_in_learning_English.txt,122
AI,/Users/fafaya/Desktop/语料处理+代码/废弃语料/TAASSC_Input_AI/AI_System_Hong_Kong_secondary_students_self-regulated_learning_strategy_use_and_English_writing_Influences_of_motivational_beliefs.txt,AI_System_Hong_Kong_secondary_students_self-regulated_learning_strategy_use_and_English_writing_Influences_of_motivational_beliefs.txt,112
AI,/Users/fafaya/Desktop/语料处理+代码/废弃语料/TAASSC_Input_AI/AI_System_Incidental_lexical_mining_in_task_repetition_The_role_of_input_input_repetition_and_individual_differences.txt,AI_System_Incidental_lexical_mining_in_task_repetition_The_role_of_input_input_repetition_and_individual_differences.txt,189
AI,/Users/fafaya/Desktop/语料处理+代码/废弃语料/TAASSC_Input_AI/AI_System_Integrativeness_in_Malaysia_The_socio-educational_model_in_a_modern_Asian_context.txt,AI_System_Integrativeness_in_Malaysia_The_socio-educational_model_in_a_modern_Asian_context.txt,157
AI,/Users/fafaya/Desktop/语料处理+代码/废弃语料/TAASSC_Input_AI/AI_System_Pre-service_language_teacher_wellbeing_as_a_complex_dynamic_system.txt,AI_System_Pre-service_language_teacher_wellbeing_as_a_complex_dynamic_system.txt,126
AI,/Users/fafaya/Desktop/语料处理+代码/废弃语料/TAASSC_Input_AI/AI_System_Predicting_the_emotional_labor_strategies_of_Chinese_English_Foreign_Language_teachers.txt,AI_System_Predicting_the_emotional_labor_strategies_of_Chinese_English_Foreign_Language_teachers.txt,120
AI,/Users/fafaya/Desktop/语料处理+代码/废弃语料/TAASSC_Input_AI/AI_System_Profiling_the_motivational_characteristics_of_Greek_university_students.txt,AI_System_Profiling_the_motivational_characteristics_of_Greek_university_students.txt,146
AI,/Users/fafaya/Desktop/语料处理+代码/废弃语料/TAASSC_Input_AI/AI_System_Protecting_and_enhancing_willingness_to_communicate_with_idiodynamic_peer-peer_strategy_sharing.txt,AI_System_Protecting_and_enhancing_willingness_to_communicate_with_idiodynamic_peer-peer_strategy_sharing.txt,137
AI,/Users/fafaya/Desktop/语料处理+代码/废弃语料/TAASSC_Input_AI/AI_System_Research_trends_in_trans-_studies_on_writing_A_bibliometric_analysis.txt,AI_System_Research_trends_in_trans-_studies_on_writing_A_bibliometric_analysis.txt,92
AI,/Users/fafaya/Desktop/语料处理+代码/废弃语料/TAASSC_Input_AI/AI_System_Self-regulated_listening_of_students_at_transition_from_high_school_to_an_English_medium_instruction_EMI_transnational_university_in_China.txt,AI_System_Self-regulated_listening_of_students_at_transition_from_high_school_to_an_English_medium_instruction_EMI_transnational_university_in_China.txt,166
AI,/Users/fafaya/Desktop/语料处理+代码/废弃语料/TAASSC_Input_AI/AI_System_Students_academic_language-related_challenges_in_English_Medium_Instruction_The_role_of_English_proficiency_and_language_gain.txt,AI_System_Students_academic_language-related_challenges_in_English_Medium_Instruction_The_role_of_English_proficiency_and_language_gain.txt,145
AI,/Users/fafaya/Desktop/语料处理+代码/废弃语料/TAASSC_Input_AI/AI_System_Task-related_focus-on-forms_foreign_language_vocabulary_development_Focus_on_spoken_form_and_word_parts.txt,AI_System_Task-related_focus-on-forms_foreign_language_vocabulary_development_Focus_on_spoken_form_and_word_parts.txt,134
AI,/Users/fafaya/Desktop/语料处理+代码/废弃语料/TAASSC_Input_AI/AI_System_The_effect_of_spacing_on_incidental_and_deliberate_learning_of_L2_collocations.txt,AI_System_The_effect_of_spacing_on_incidental_and_deliberate_learning_of_L2_collocations.txt,160
AI,/Users/fafaya/Desktop/语料处理+代码/废弃语料/TAASSC_Input_AI/AI_System_The_effect_of_task_constraints_on_idea_generation_in_creative_word-formation_group_work_for_beginner-level_German_learners.txt,AI_System_The_effect_of_task_constraints_on_idea_generation_in_creative_word-formation_group_work_for_beginner-level_German_learners.txt,146
AI,/Users/fafaya/Desktop/语料处理+代码/废弃语料/TAASSC_Input_AI/AI_System_The_effect_of_visuospatial_designing_elements_of_zoomable_user_interfaces_on_second_language_vocabulary_acquisition.txt,AI_System_The_effect_of_visuospatial_designing_elements_of_zoomable_user_interfaces_on_second_language_vocabulary_acquisition.txt,143
AI,/Users/fafaya/Desktop/语料处理+代码/废弃语料/TAASSC_Input_AI/AI_System_The_effects_of_proficiency_and_textual_enhancement_technique_on_noticing.txt,AI_System_The_effects_of_proficiency_and_textual_enhancement_technique_on_noticing.txt,225
AI,/Users/fafaya/Desktop/语料处理+代码/废弃语料/TAASSC_Input_AI/AI_System_The_impact_of_a_professional_development_program_on_EFL_teachers_beliefs_about_corrective_feedback.txt,AI_System_The_impact_of_a_professional_development_program_on_EFL_teachers_beliefs_about_corrective_feedback.txt,188
AI,/Users/fafaya/Desktop/语料处理+代码/废弃语料/TAASSC_Input_AI/AI_System_The_predictive_effects_of_classroom_environment_and_trait_emotional_intelligence_on_Foreign_Language_Enjoyment_and_Anxiety.txt,AI_System_The_predictive_effects_of_classroom_environment_and_trait_emotional_intelligence_on_Foreign_Language_Enjoyment_and_Anxiety.txt,181
AI,/Users/fafaya/Desktop/语料处理+代码/废弃语料/TAASSC_Input_AI/AI_System_When_to_conduct_a_vocabulary_quiz_before_the_review_or_after_the_review.txt,AI_System_When_to_conduct_a_vocabulary_quiz_before_the_review_or_after_the_review.txt,193
AI,/Users/fafaya/Desktop/语料处理+代码/废弃语料/TAASSC_Input_AI/AI_System_Why_so_nervous_Revisiting_the_sources_of_speech_anxiety_in_Chinese_as_a_second_language.txt,AI_System_Why_so_nervous_Revisiting_the_sources_of_speech_anxiety_in_Chinese_as_a_second_language.txt,176
Human,/Users/fafaya/Desktop/语料处理+代码/废弃语料/TAASSC_Input_Human/Human_Applied_Linguistics_A_Longitudinal_Study_of_Advanced_Learners_Linguistic_Development.txt,Human_Applied_Linguistics_A_Longitudinal_Study_of_Advanced_Learners_Linguistic_Development.txt,168
Human,/Users/fafaya/Desktop/语料处理+代码/废弃语料/TAASSC_Input_Human/Human_Applied_Linguistics_A_Longitudinal_Study_of_Grammatical-Gender_Marking_in_French_as_an_Additional_Language.txt,Human_Applied_Linguistics_A_Longitudinal_Study_of_Grammatical-Gender_Marking_in_French_as_an_Additional_Language.txt,122
Human,/Users/fafaya/Desktop/语料处理+代码/废弃语料/TAASSC_Input_Human/Human_Applied_Linguistics_An_Organic_Syntactic_Complexity_Measure.txt,Human_Applied_Linguistics_An_Organic_Syntactic_Complexity_Measure.txt,186
Human,/Users/fafaya/Desktop/语料处理+代码/废弃语料/TAASSC_Input_Human/Human_Applied_Linguistics_Co-constructing_Social_Justice.txt,Human_Applied_Linguistics_Co-constructing_Social_Justice.txt,186
Human,/Users/fafaya/Desktop/语料处理+代码/废弃语料/TAASSC_Input_Human/Human_Applied_Linguistics_Critical_Race_Pedagogy_for_More_Effective_and_Inclusive_World_Language_Teaching.txt,Human_Applied_Linguistics_Critical_Race_Pedagogy_for_More_Effective_and_Inclusive_World_Language_Teaching.txt,178
Human,/Users/fafaya/Desktop/语料处理+代码/废弃语料/TAASSC_Input_Human/Human_Applied_Linguistics_Dynamic_Paths_of_Complexity_and_Accuracy_in_Second_Language_Speech.txt,Human_Applied_Linguistics_Dynamic_Paths_of_Complexity_and_Accuracy_in_Second_Language_Speech.txt,183
Human,/Users/fafaya/Desktop/语料处理+代码/废弃语料/TAASSC_Input_Human/Human_Applied_Linguistics_Dynamic_Paths_of_Complexity_and_Accuracy_in_Second_Language_Speech_A_Longitudinal_Case_Study_of_Chinese_Learners.txt,Human_Applied_Linguistics_Dynamic_Paths_of_Complexity_and_Accuracy_in_Second_Language_Speech_A_Longitudinal_Case_Study_of_Chinese_Learners.txt,183
Human,/Users/fafaya/Desktop/语料处理+代码/废弃语料/TAASSC_Input_Human/Human_Applied_Linguistics_Eliciting_and_Measuring_L2_Metaphoric_Competence.txt,Human_Applied_Linguistics_Eliciting_and_Measuring_L2_Metaphoric_Competence.txt,171
Human,/Users/fafaya/Desktop/语料处理+代码/废弃语料/TAASSC_Input_Human/Human_Applied_Linguistics_Emergence_of_Proactive_Self-Initiated_Self-Repair_as_an_Indicator_of_L2_IC_Development.txt,Human_Applied_Linguistics_Emergence_of_Proactive_Self-Initiated_Self-Repair_as_an_Indicator_of_L2_IC_Development.txt,174
Human,/Users/fafaya/Desktop/语料处理+代码/废弃语料/TAASSC_Input_Human/Human_Applied_Linguistics_I_Was_Surprised_to_See_You_in_a_Chinese_School.txt,Human_Applied_Linguistics_I_Was_Surprised_to_See_You_in_a_Chinese_School.txt,168
Human,/Users/fafaya/Desktop/语料处理+代码/废弃语料/TAASSC_Input_Human/Human_Applied_Linguistics_International_Publishing_as_A_Networked_Activity.txt,Human_Applied_Linguistics_International_Publishing_as_A_Networked_Activity.txt,122
Human,/Users/fafaya/Desktop/语料处理+代码/废弃语料/TAASSC_Input_Human/Human_Applied_Linguistics_Into_Collabs.txt,Human_Applied_Linguistics_Into_Collabs.txt,109
Human,/Users/fafaya/Desktop/语料处理+代码/废弃语料/TAASSC_Input_Human/Human_Applied_Linguistics_Juntos_Somos_Fuertes.txt,Human_Applied_Linguistics_Juntos_Somos_Fuertes.txt,176
Human,/Users/fafaya/Desktop/语料处理+代码/废弃语料/TAASSC_Input_Human/Human_Applied_Linguistics_Longitudinal_Growth_Trajectories_of_Written_Syntactic_Complexity_The_Case_of_Turkish_Learners_in_an_Intensive_English_Program.txt,Human_Applied_Linguistics_Longitudinal_Growth_Trajectories_of_Written_Syntactic_Complexity_The_Case_of_Turkish_Learners_in_an_Intensive_English_Program.txt,172
Human,/Users/fafaya/Desktop/语料处理+代码/废弃语料/TAASSC_Input_Human/Human_Applied_Linguistics_Making_Sense_of_the_Interpreter_Role.txt,Human_Applied_Linguistics_Making_Sense_of_the_Interpreter_Role.txt,173
Human,/Users/fafaya/Desktop/语料处理+代码/废弃语料/TAASSC_Input_Human/Human_Applied_Linguistics_Participation_in_a_Global_Hearing_Culture.txt,Human_Applied_Linguistics_Participation_in_a_Global_Hearing_Culture.txt,172
Human,/Users/fafaya/Desktop/语料处理+代码/废弃语料/TAASSC_Input_Human/Human_Applied_Linguistics_Police_Call-takers_First_Substantive_Question_Projects_the_Outcome_of_the_Call.txt,Human_Applied_Linguistics_Police_Call-takers_First_Substantive_Question_Projects_the_Outcome_of_the_Call.txt,156
Human,/Users/fafaya/Desktop/语料处理+代码/废弃语料/TAASSC_Input_Human/Human_Applied_Linguistics_Pursuing_Testimonial_Justice.txt,Human_Applied_Linguistics_Pursuing_Testimonial_Justice.txt,172
Human,/Users/fafaya/Desktop/语料处理+代码/废弃语料/TAASSC_Input_Human/Human_Applied_Linguistics_Que_barbaridad_son_latinos_y_deberian_saber_espanol_primero.txt,Human_Applied_Linguistics_Que_barbaridad_son_latinos_y_deberian_saber_espanol_primero.txt,163
Human,/Users/fafaya/Desktop/语料处理+代码/废弃语料/TAASSC_Input_Human/Human_Applied_Linguistics_Racialized_Trajectories_to_Catalan_Higher_Education.txt,Human_Applied_Linguistics_Racialized_Trajectories_to_Catalan_Higher_Education.txt,108
Human,/Users/fafaya/Desktop/语料处理+代码/废弃语料/TAASSC_Input_Human/Human_Applied_Linguistics_Researching_the_Intercultural_Intersubjectivity_and_the_Problem_with_Postpositivism.txt,Human_Applied_Linguistics_Researching_the_Intercultural_Intersubjectivity_and_the_Problem_with_Postpositivism.txt,175
Human,/Users/fafaya/Desktop/语料处理+代码/废弃语料/TAASSC_Input_Human/Human_Applied_Linguistics_Role_Models_in_Language_Learning.txt,Human_Applied_Linguistics_Role_Models_in_Language_Learning.txt,181
Human,/Users/fafaya/Desktop/语料处理+代码/废弃语料/TAASSC_Input_Human/Human_Applied_Linguistics_Supralingualism_and_the_Translatability_Industry.txt,Human_Applied_Linguistics_Supralingualism_and_the_Translatability_Industry.txt,123
Human,/Users/fafaya/Desktop/语料处理+代码/废弃语料/TAASSC_Input_Human/Human_Applied_Linguistics_Towards_a_Green_Applied_Linguistics_HumanSea_Turtle_Semiotic_Assemblages_in_Hawaii.txt,Human_Applied_Linguistics_Towards_a_Green_Applied_Linguistics_HumanSea_Turtle_Semiotic_Assemblages_in_Hawaii.txt,180
Human,/Users/fafaya/Desktop/语料处理+代码/废弃语料/TAASSC_Input_Human/Human_Applied_Linguistics_Translating_Culture_in_Global_Times_An_Introduction.txt,Human_Applied_Linguistics_Translating_Culture_in_Global_Times_An_Introduction.txt,154
Human,/Users/fafaya/Desktop/语料处理+代码/废弃语料/TAASSC_Input_Human/Human_Applied_Linguistics_Translating_Culture_in_the_Global_Workplace.txt,Human_Applied_Linguistics_Translating_Culture_in_the_Global_Workplace.txt,162
Human,/Users/fafaya/Desktop/语料处理+代码/废弃语料/TAASSC_Input_Human/Human_Applied_Linguistics_Translation_as_a_Prime_Player_in_Intercultural_Communication.txt,Human_Applied_Linguistics_Translation_as_a_Prime_Player_in_Intercultural_Communication.txt,128
Human,/Users/fafaya/Desktop/语料处理+代码/废弃语料/TAASSC_Input_Human/Human_Applied_Linguistics_Using_Character-Grams_to_Automatically_Generate_Pseudowords_and_How_to_Evaluate_Them.txt,Human_Applied_Linguistics_Using_Character-Grams_to_Automatically_Generate_Pseudowords_and_How_to_Evaluate_Them.txt,167
Human,/Users/fafaya/Desktop/语料处理+代码/废弃语料/TAASSC_Input_Human/Human_Applied_Linguistics_Whorf_in_the_Wild_Naturalistic_Evidence_from_Human_Interaction.txt,Human_Applied_Linguistics_Whorf_in_the_Wild_Naturalistic_Evidence_from_Human_Interaction.txt,156
Human,/Users/fafaya/Desktop/语料处理+代码/废弃语料/TAASSC_Input_Human/Human_Applied_Linguistics_Whose_Karate.txt,Human_Applied_Linguistics_Whose_Karate.txt,188
Human,/Users/fafaya/Desktop/语料处理+代码/废弃语料/TAASSC_Input_Human/Human_English_for_Specific_Purposes_A_corpus-based_list_of_commonly_used_English_medical_morphemes_for_students_learning_English_for_specific_purposes.txt,Human_English_for_Specific_Purposes_A_corpus-based_list_of_commonly_used_English_medical_morphemes_for_students_learning_English_for_specific_purposes.txt,139
Human,/Users/fafaya/Desktop/语料处理+代码/废弃语料/TAASSC_Input_Human/Human_English_for_Specific_Purposes_A_genre-based_exploration_of_intertextuality_and_interdiscursivity_in_advertorial_discourse.txt,Human_English_for_Specific_Purposes_A_genre-based_exploration_of_intertextuality_and_interdiscursivity_in_advertorial_discourse.txt,169
Human,/Users/fafaya/Desktop/语料处理+代码/废弃语料/TAASSC_Input_Human/Human_English_for_Specific_Purposes_A_multi-dimensional_analysis_of_the_Managements_Discussion_and_Analysis_narratives_in_Chinese_and_American_corporate_annual_reports.txt,Human_English_for_Specific_Purposes_A_multi-dimensional_analysis_of_the_Managements_Discussion_and_Analysis_narratives_in_Chinese_and_American_corporate_annual_reports.txt,170
Human,/Users/fafaya/Desktop/语料处理+代码/废弃语料/TAASSC_Input_Human/Human_English_for_Specific_Purposes_A_multi-level_contrastive_analysis_of_promotional_strategies_in_specialised_discourse.txt,Human_English_for_Specific_Purposes_A_multi-level_contrastive_analysis_of_promotional_strategies_in_specialised_discourse.txt,212
Human,/Users/fafaya/Desktop/语料处理+代码/废弃语料/TAASSC_Input_Human/Human_English_for_Specific_Purposes_A_periphery_inside_a_semi-periphery_The_uneven_participation_of_Brazilian_scholars_in_the_international_community.txt,Human_English_for_Specific_Purposes_A_periphery_inside_a_semi-periphery_The_uneven_participation_of_Brazilian_scholars_in_the_international_community.txt,198
Human,/Users/fafaya/Desktop/语料处理+代码/废弃语料/TAASSC_Input_Human/Human_English_for_Specific_Purposes_Academic_vocabulary_in_an_EAP_course_Opportunities_for_incidental_learning_from_printed_teaching_materials_developed_in-house.txt,Human_English_for_Specific_Purposes_Academic_vocabulary_in_an_EAP_course_Opportunities_for_incidental_learning_from_printed_teaching_materials_developed_in-house.txt,197
Human,/Users/fafaya/Desktop/语料处理+代码/废弃语料/TAASSC_Input_Human/Human_English_for_Specific_Purposes_Aligning_perceptions_with_reality_Lebanese_EMI_instructor_perceptions_of_students_writing_proficiency.txt,Human_English_for_Specific_Purposes_Aligning_perceptions_with_reality_Lebanese_EMI_instructor_perceptions_of_students_writing_proficiency.txt,197
Human,/Users/fafaya/Desktop/语料处理+代码/废弃语料/TAASSC_Input_Human/Human_English_for_Specific_Purposes_An_analysis_of_the_use_of_cognitive_discourse_functions_in_English-medium_history_teaching_at_university.txt,Human_English_for_Specific_Purposes_An_analysis_of_the_use_of_cognitive_discourse_functions_in_English-medium_history_teaching_at_university.txt,164
Human,/Users/fafaya/Desktop/语料处理+代码/废弃语料/TAASSC_Input_Human/Human_English_for_Specific_Purposes_An_exploratory_analysis_of_source_integration_in_post-secondary_L1_and_L2_source-based_writing.txt,Human_English_for_Specific_Purposes_An_exploratory_analysis_of_source_integration_in_post-secondary_L1_and_L2_source-based_writing.txt,178
Human,/Users/fafaya/Desktop/语料处理+代码/废弃语料/TAASSC_Input_Human/Human_English_for_Specific_Purposes_Analyzing_the_functions_of_lexical_bundles_in_undergraduate_academic_lectures_for_pedagogical_use.txt,Human_English_for_Specific_Purposes_Analyzing_the_functions_of_lexical_bundles_in_undergraduate_academic_lectures_for_pedagogical_use.txt,171
Human,/Users/fafaya/Desktop/语料处理+代码/废弃语料/TAASSC_Input_Human/Human_English_for_Specific_Purposes_Artists_statements_how_to_guides_and_the_conceptualisation_of_creative_practice.txt,Human_English_for_Specific_Purposes_Artists_statements_how_to_guides_and_the_conceptualisation_of_creative_practice.txt,199
Human,/Users/fafaya/Desktop/语料处理+代码/废弃语料/TAASSC_Input_Human/Human_English_for_Specific_Purposes_BELF_expert_users_Making_understanding_visible_in_internal_BELF_meetings_through_the_use_of_nonverbal_communication_strategies.txt,Human_English_for_Specific_Purposes_BELF_expert_users_Making_understanding_visible_in_internal_BELF_meetings_through_the_use_of_nonverbal_communication_strategies.txt,201
Human,/Users/fafaya/Desktop/语料处理+代码/废弃语料/TAASSC_Input_Human/Human_English_for_Specific_Purposes_Challenges_in_academic_writing_Perspectives_of_Engineering_faculty_and_L2_postgraduate_research_students.txt,Human_English_for_Specific_Purposes_Challenges_in_academic_writing_Perspectives_of_Engineering_faculty_and_L2_postgraduate_research_students.txt,162
Human,/Users/fafaya/Desktop/语料处理+代码/废弃语料/TAASSC_Input_Human/Human_English_for_Specific_Purposes_Delivering_relevance_The_emergence_of_ESP_as_a_discipline.txt,Human_English_for_Specific_Purposes_Delivering_relevance_The_emergence_of_ESP_as_a_discipline.txt,190
Human,/Users/fafaya/Desktop/语料处理+代码/废弃语料/TAASSC_Input_Human/Human_English_for_Specific_Purposes_Development_of_component_analysis_to_support_a_research-based_curriculum_for_writing_engineering_research_articles.txt,Human_English_for_Specific_Purposes_Development_of_component_analysis_to_support_a_research-based_curriculum_for_writing_engineering_research_articles.txt,155
Human,/Users/fafaya/Desktop/语料处理+代码/废弃语料/TAASSC_Input_Human/Human_English_for_Specific_Purposes_Engaging_with_the_reader_in_research_articles_in_English_Variation_across_disciplines_and_linguacultural_backgrounds.txt,Human_English_for_Specific_Purposes_Engaging_with_the_reader_in_research_articles_in_English_Variation_across_disciplines_and_linguacultural_backgrounds.txt,203
Human,/Users/fafaya/Desktop/语料处理+代码/废弃语料/TAASSC_Input_Human/Human_English_for_Specific_Purposes_Engineering_students_perceptions_of_the_role_of_ESP_courses_in_internationalized_universities.txt,Human_English_for_Specific_Purposes_Engineering_students_perceptions_of_the_role_of_ESP_courses_in_internationalized_universities.txt,302
Human,/Users/fafaya/Desktop/语料处理+代码/废弃语料/TAASSC_Input_Human/Human_English_for_Specific_Purposes_Exploring_the_socio-contextual_nature_of_workplace_writing_Towards_preparing_learners_for_the_complexities_of_English_L2_writing_in_the_workplace.txt,Human_English_for_Specific_Purposes_Exploring_the_socio-contextual_nature_of_workplace_writing_Towards_preparing_learners_for_the_complexities_of_English_L2_writing_in_the_workplace.txt,191
Human,/Users/fafaya/Desktop/语料处理+代码/废弃语料/TAASSC_Input_Human/Human_English_for_Specific_Purposes_If_it_had_been_conducted_with_a_larger_database_A_comparison_of_If-constructions_in_Chinese_L2_learners_theses_and_published_research_articles.txt,Human_English_for_Specific_Purposes_If_it_had_been_conducted_with_a_larger_database_A_comparison_of_If-constructions_in_Chinese_L2_learners_theses_and_published_research_articles.txt,176
Human,/Users/fafaya/Desktop/语料处理+代码/废弃语料/TAASSC_Input_Human/Human_English_for_Specific_Purposes_Parameters_of_variation_in_the_use_of_words_in_empirical_research_writing.txt,Human_English_for_Specific_Purposes_Parameters_of_variation_in_the_use_of_words_in_empirical_research_writing.txt,158
Human,/Users/fafaya/Desktop/语料处理+代码/废弃语料/TAASSC_Input_Human/Human_English_for_Specific_Purposes_Persuasion_strategies_for_demonstrating_topic_significance_in_reports_of_randomised_controlled_trials.txt,Human_English_for_Specific_Purposes_Persuasion_strategies_for_demonstrating_topic_significance_in_reports_of_randomised_controlled_trials.txt,204
Human,/Users/fafaya/Desktop/语料处理+代码/废弃语料/TAASSC_Input_Human/Human_English_for_Specific_Purposes_Pragmatic_force_modifiers_in_English-medium_masters_thesis_defenses_in_Taiwan_universities.txt,Human_English_for_Specific_Purposes_Pragmatic_force_modifiers_in_English-medium_masters_thesis_defenses_in_Taiwan_universities.txt,192
Human,/Users/fafaya/Desktop/语料处理+代码/废弃语料/TAASSC_Input_Human/Human_English_for_Specific_Purposes_Promoting_discipline-specific_genre_competence_with_corpus-based_genre_analysis_activities.txt,Human_English_for_Specific_Purposes_Promoting_discipline-specific_genre_competence_with_corpus-based_genre_analysis_activities.txt,160
Human,/Users/fafaya/Desktop/语料处理+代码/废弃语料/TAASSC_Input_Human/Human_English_for_Specific_Purposes_Selling_research_in_RA_discussion_sections_through_English_and_Spanish_An_intercultural_rhetoric_approach.txt,Human_English_for_Specific_Purposes_Selling_research_in_RA_discussion_sections_through_English_and_Spanish_An_intercultural_rhetoric_approach.txt,202
Human,/Users/fafaya/Desktop/语料处理+代码/废弃语料/TAASSC_Input_Human/Human_English_for_Specific_Purposes_Temporal_change_in_dissertation_macrostructures.txt,Human_English_for_Specific_Purposes_Temporal_change_in_dissertation_macrostructures.txt,194
Human,/Users/fafaya/Desktop/语料处理+代码/废弃语料/TAASSC_Input_Human/Human_English_for_Specific_Purposes_The_creation_and_evaluation_of_a_grammar_pattern_list_for_the_most_frequent_academic_verbs.txt,Human_English_for_Specific_Purposes_The_creation_and_evaluation_of_a_grammar_pattern_list_for_the_most_frequent_academic_verbs.txt,195
Human,/Users/fafaya/Desktop/语料处理+代码/废弃语料/TAASSC_Input_Human/Human_English_for_Specific_Purposes_The_place_of_language_in_the_theoretical_tenets_textbooks_and_classroom_practices_in_the_ESP_genre-based_approach_to_teaching_writing.txt,Human_English_for_Specific_Purposes_The_place_of_language_in_the_theoretical_tenets_textbooks_and_classroom_practices_in_the_ESP_genre-based_approach_to_teaching_writing.txt,223
Human,/Users/fafaya/Desktop/语料处理+代码/废弃语料/TAASSC_Input_Human/Human_English_for_Specific_Purposes_The_project_SubESPSKills_Subtitling_tasks_for_students_of_Business_English_to_improve_written_production_skills.txt,Human_English_for_Specific_Purposes_The_project_SubESPSKills_Subtitling_tasks_for_students_of_Business_English_to_improve_written_production_skills.txt,198
Human,/Users/fafaya/Desktop/语料处理+代码/废弃语料/TAASSC_Input_Human/Human_English_for_Specific_Purposes_Using_English_as_a_lingua_franca_to_engage_with_investors_An_analysis_of_Italian_and_Japanese_companies_investor_relations_communication_policies.txt,Human_English_for_Specific_Purposes_Using_English_as_a_lingua_franca_to_engage_with_investors_An_analysis_of_Italian_and_Japanese_companies_investor_relations_communication_policies.txt,199
Human,/Users/fafaya/Desktop/语料处理+代码/废弃语料/TAASSC_Input_Human/Human_English_for_Specific_Purposes_Variation_in_interpersonal_relations_in_manuscript_reviews_with_different_recommendations.txt,Human_English_for_Specific_Purposes_Variation_in_interpersonal_relations_in_manuscript_reviews_with_different_recommendations.txt,199
Human,/Users/fafaya/Desktop/语料处理+代码/废弃语料/TAASSC_Input_Human/Human_Journal_of_English_for_Academic_Purposes_A_review_of_research_on_authorial_evaluation_in_English_academic_writing_A_methodological_perspective.txt,Human_Journal_of_English_for_Academic_Purposes_A_review_of_research_on_authorial_evaluation_in_English_academic_writing_A_methodological_perspective.txt,180
Human,/Users/fafaya/Desktop/语料处理+代码/废弃语料/TAASSC_Input_Human/Human_Journal_of_English_for_Academic_Purposes_An_Analysis_of_Citations_in_Chinese_English-major_Masters_Theses_and_Doctoral_Dissertations.txt,Human_Journal_of_English_for_Academic_Purposes_An_Analysis_of_Citations_in_Chinese_English-major_Masters_Theses_and_Doctoral_Dissertations.txt,172
Human,/Users/fafaya/Desktop/语料处理+代码/废弃语料/TAASSC_Input_Human/Human_Journal_of_English_for_Academic_Purposes_Authorial_presence_in_research_article_abstracts_A_diachronic_investigation_of_the_use_of_first_person_pronouns.txt,Human_Journal_of_English_for_Academic_Purposes_Authorial_presence_in_research_article_abstracts_A_diachronic_investigation_of_the_use_of_first_person_pronouns.txt,244
Human,/Users/fafaya/Desktop/语料处理+代码/废弃语料/TAASSC_Input_Human/Human_Journal_of_English_for_Academic_Purposes_Big_ideas__sharp_focus_Researching_and_developing_students_academic_writing_across_the_disciplines.txt,Human_Journal_of_English_for_Academic_Purposes_Big_ideas__sharp_focus_Researching_and_developing_students_academic_writing_across_the_disciplines.txt,204
Human,/Users/fafaya/Desktop/语料处理+代码/废弃语料/TAASSC_Input_Human/Human_Journal_of_English_for_Academic_Purposes_Critical_review_of_literature_The_case_of_the_news_and_views_genre.txt,Human_Journal_of_English_for_Academic_Purposes_Critical_review_of_literature_The_case_of_the_news_and_views_genre.txt,185
Human,/Users/fafaya/Desktop/语料处理+代码/废弃语料/TAASSC_Input_Human/Human_Journal_of_English_for_Academic_Purposes_Effects_of_explicit_instruction_on_noun_phrase_production_in_L2_undergraduate_writing.txt,Human_Journal_of_English_for_Academic_Purposes_Effects_of_explicit_instruction_on_noun_phrase_production_in_L2_undergraduate_writing.txt,191
Human,/Users/fafaya/Desktop/语料处理+代码/废弃语料/TAASSC_Input_Human/Human_Journal_of_English_for_Academic_Purposes_Examining_the_effects_of_comprehensive_written_corrective_feedback_on_L2_EAP_students_linguistic_performance_A_mixed-methods_study.txt,Human_Journal_of_English_for_Academic_Purposes_Examining_the_effects_of_comprehensive_written_corrective_feedback_on_L2_EAP_students_linguistic_performance_A_mixed-methods_study.txt,190
Human,/Users/fafaya/Desktop/语料处理+代码/废弃语料/TAASSC_Input_Human/Human_Journal_of_English_for_Academic_Purposes_Exemplification_in_research_articles_Structural_semantic_and_metadiscursive_properties_across_disciplines.txt,Human_Journal_of_English_for_Academic_Purposes_Exemplification_in_research_articles_Structural_semantic_and_metadiscursive_properties_across_disciplines.txt,192
Human,/Users/fafaya/Desktop/语料处理+代码/废弃语料/TAASSC_Input_Human/Human_Journal_of_English_for_Academic_Purposes_Exploring_polysemy_in_the_Academic_Vocabulary_List_A_lexicographic_approach.txt,Human_Journal_of_English_for_Academic_Purposes_Exploring_polysemy_in_the_Academic_Vocabulary_List_A_lexicographic_approach.txt,183
Human,/Users/fafaya/Desktop/语料处理+代码/废弃语料/TAASSC_Input_Human/Human_Journal_of_English_for_Academic_Purposes_Graduate-level_research_writing_instruction_Two_Chinese_EAP_teachers_localized_ESP_genre-based_pedagogy.txt,Human_Journal_of_English_for_Academic_Purposes_Graduate-level_research_writing_instruction_Two_Chinese_EAP_teachers_localized_ESP_genre-based_pedagogy.txt,168
Human,/Users/fafaya/Desktop/语料处理+代码/废弃语料/TAASSC_Input_Human/Human_Journal_of_English_for_Academic_Purposes_Harnessing_learner_research_agendas_to_continuously_explore_EAP_learners_needs.txt,Human_Journal_of_English_for_Academic_Purposes_Harnessing_learner_research_agendas_to_continuously_explore_EAP_learners_needs.txt,206
Human,/Users/fafaya/Desktop/语料处理+代码/废弃语料/TAASSC_Input_Human/Human_Journal_of_English_for_Academic_Purposes_However_and_other_transitions_in_the_Han_CH-EN_corpus.txt,Human_Journal_of_English_for_Academic_Purposes_However_and_other_transitions_in_the_Han_CH-EN_corpus.txt,193
Human,/Users/fafaya/Desktop/语料处理+代码/废弃语料/TAASSC_Input_Human/Human_Journal_of_English_for_Academic_Purposes_International_students_engagement_with_support_in_developing_source_use_abilities_A_longitudinal_case_study.txt,Human_Journal_of_English_for_Academic_Purposes_International_students_engagement_with_support_in_developing_source_use_abilities_A_longitudinal_case_study.txt,164
Human,/Users/fafaya/Desktop/语料处理+代码/废弃语料/TAASSC_Input_Human/Human_Journal_of_English_for_Academic_Purposes_Investigating_the_effects_of_reducing_linguistic_complexity_on_EAL_student_comprehension_in_first-year_undergraduate_assessments.txt,Human_Journal_of_English_for_Academic_Purposes_Investigating_the_effects_of_reducing_linguistic_complexity_on_EAL_student_comprehension_in_first-year_undergraduate_assessments.txt,196
Human,/Users/fafaya/Desktop/语料处理+代码/废弃语料/TAASSC_Input_Human/Human_Journal_of_English_for_Academic_Purposes_Lets_say_Phraseological_patterns_of_say_in_academic_ELF_communication.txt,Human_Journal_of_English_for_Academic_Purposes_Lets_say_Phraseological_patterns_of_say_in_academic_ELF_communication.txt,177
Human,/Users/fafaya/Desktop/语料处理+代码/废弃语料/TAASSC_Input_Human/Human_Journal_of_English_for_Academic_Purposes_Local_grammars_and_discourse_acts_in_academic_writing_A_case_study_of_exemplification_in_Linguistics_research_articles.txt,Human_Journal_of_English_for_Academic_Purposes_Local_grammars_and_discourse_acts_in_academic_writing_A_case_study_of_exemplification_in_Linguistics_research_articles.txt,146
Human,/Users/fafaya/Desktop/语料处理+代码/废弃语料/TAASSC_Input_Human/Human_Journal_of_English_for_Academic_Purposes_Looking_past_limiting_conditions_Prioritizing_meaning_in_EAP.txt,Human_Journal_of_English_for_Academic_Purposes_Looking_past_limiting_conditions_Prioritizing_meaning_in_EAP.txt,175
Human,/Users/fafaya/Desktop/语料处理+代码/废弃语料/TAASSC_Input_Human/Human_Journal_of_English_for_Academic_Purposes_Measuring_the_importance_of_information_in_student_notes_An_initial_venture.txt,Human_Journal_of_English_for_Academic_Purposes_Measuring_the_importance_of_information_in_student_notes_An_initial_venture.txt,202
Human,/Users/fafaya/Desktop/语料处理+代码/废弃语料/TAASSC_Input_Human/Human_Journal_of_English_for_Academic_Purposes_Piracy_playing_the_system_or_poor_policies_Perspectives_on_plagiarism_in_Thailand.txt,Human_Journal_of_English_for_Academic_Purposes_Piracy_playing_the_system_or_poor_policies_Perspectives_on_plagiarism_in_Thailand.txt,198
Human,/Users/fafaya/Desktop/语料处理+代码/废弃语料/TAASSC_Input_Human/Human_Journal_of_English_for_Academic_Purposes_Profiling_figure_legends_in_scientific_research_articles_A_corpus-driven_approach.txt,Human_Journal_of_English_for_Academic_Purposes_Profiling_figure_legends_in_scientific_research_articles_A_corpus-driven_approach.txt,187
Human,/Users/fafaya/Desktop/语料处理+代码/废弃语料/TAASSC_Input_Human/Human_Journal_of_English_for_Academic_Purposes_Reconceptualising_the_notion_of_finding_information_How_undergraduate_students_construct_information_as_they_read-to-write_in_an_academic_writing_class.txt,Human_Journal_of_English_for_Academic_Purposes_Reconceptualising_the_notion_of_finding_information_How_undergraduate_students_construct_information_as_they_read-to-write_in_an_academic_writing_class.txt,179
Human,/Users/fafaya/Desktop/语料处理+代码/废弃语料/TAASSC_Input_Human/Human_Journal_of_English_for_Academic_Purposes_Stance_and_engagement_in_3MT_presentations_How_students_communicate_disciplinary_knowledge_to_a_wide_audience.txt,Human_Journal_of_English_for_Academic_Purposes_Stance_and_engagement_in_3MT_presentations_How_students_communicate_disciplinary_knowledge_to_a_wide_audience.txt,185
Human,/Users/fafaya/Desktop/语料处理+代码/废弃语料/TAASSC_Input_Human/Human_Journal_of_English_for_Academic_Purposes_Student_perceptions_of_critical_thinking_in_EMI_programs_at_Japanese_universities_A_Q-methodology_study.txt,Human_Journal_of_English_for_Academic_Purposes_Student_perceptions_of_critical_thinking_in_EMI_programs_at_Japanese_universities_A_Q-methodology_study.txt,195
Human,/Users/fafaya/Desktop/语料处理+代码/废弃语料/TAASSC_Input_Human/Human_Journal_of_English_for_Academic_Purposes_Syntactic_complexity_in_English_as_a_lingua_franca_academic_writing.txt,Human_Journal_of_English_for_Academic_Purposes_Syntactic_complexity_in_English_as_a_lingua_franca_academic_writing.txt,197
Human,/Users/fafaya/Desktop/语料处理+代码/废弃语料/TAASSC_Input_Human/Human_Journal_of_English_for_Academic_Purposes_Systemic_Functional_Linguistics_for_the_EGAP_module_Revisiting_the_common_core.txt,Human_Journal_of_English_for_Academic_Purposes_Systemic_Functional_Linguistics_for_the_EGAP_module_Revisiting_the_common_core.txt,171
Human,/Users/fafaya/Desktop/语料处理+代码/废弃语料/TAASSC_Input_Human/Human_Journal_of_English_for_Academic_Purposes_Teaching_lecture_comprehension_skills_through_OpenCourseWare_video-recorded_lectures_A_research-informed_classroom_application.txt,Human_Journal_of_English_for_Academic_Purposes_Teaching_lecture_comprehension_skills_through_OpenCourseWare_video-recorded_lectures_A_research-informed_classroom_application.txt,200
Human,/Users/fafaya/Desktop/语料处理+代码/废弃语料/TAASSC_Input_Human/Human_Journal_of_English_for_Academic_Purposes_The_bottom_line_Are_idioms_used_in_English_academic_speech_and_writing.txt,Human_Journal_of_English_for_Academic_Purposes_The_bottom_line_Are_idioms_used_in_English_academic_speech_and_writing.txt,172
Human,/Users/fafaya/Desktop/语料处理+代码/废弃语料/TAASSC_Input_Human/Human_Journal_of_English_for_Academic_Purposes_Think_about_how_fascinating_this_is_Engagement_in_academic_blogs_across_disciplines.txt,Human_Journal_of_English_for_Academic_Purposes_Think_about_how_fascinating_this_is_Engagement_in_academic_blogs_across_disciplines.txt,145
Human,/Users/fafaya/Desktop/语料处理+代码/废弃语料/TAASSC_Input_Human/Human_Journal_of_English_for_Academic_Purposes_When_a_bug_is_not_a_bug_An_introduction_to_the_computer_science_academic_vocabulary_list.txt,Human_Journal_of_English_for_Academic_Purposes_When_a_bug_is_not_a_bug_An_introduction_to_the_computer_science_academic_vocabulary_list.txt,173
Human,/Users/fafaya/Desktop/语料处理+代码/废弃语料/TAASSC_Input_Human/Human_Journal_of_English_for_Academic_Purposes_Whos_afraid_of_phrasal_verbs_The_use_of_phrasal_verbs_in_expert_academic_writing_in_the_discipline_of_linguistics.txt,Human_Journal_of_English_for_Academic_Purposes_Whos_afraid_of_phrasal_verbs_The_use_of_phrasal_verbs_in_expert_academic_writing_in_the_discipline_of_linguistics.txt,167
Human,/Users/fafaya/Desktop/语料处理+代码/废弃语料/TAASSC_Input_Human/Human_Journal_of_Second_Language_Writing_Are_two_heads_really_better_than_one_A_meta-analysis_of_the_L2_learning_benefits_of_collaborative_writing.txt,Human_Journal_of_Second_Language_Writing_Are_two_heads_really_better_than_one_A_meta-analysis_of_the_L2_learning_benefits_of_collaborative_writing.txt,176
Human,/Users/fafaya/Desktop/语料处理+代码/废弃语料/TAASSC_Input_Human/Human_Journal_of_Second_Language_Writing_Assessing_digital_multimodal_composing_in_second_language_writing_Towards_a_process-based_model.txt,Human_Journal_of_Second_Language_Writing_Assessing_digital_multimodal_composing_in_second_language_writing_Towards_a_process-based_model.txt,202
Human,/Users/fafaya/Desktop/语料处理+代码/废弃语料/TAASSC_Input_Human/Human_Journal_of_Second_Language_Writing_Challenging_the_connection_between_task_perceptions_and_language_use_in_L2_writing_Genre_cognitive_task_complexity_and_linguistic_complexity.txt,Human_Journal_of_Second_Language_Writing_Challenging_the_connection_between_task_perceptions_and_language_use_in_L2_writing_Genre_cognitive_task_complexity_and_linguistic_complexity.txt,171
Human,/Users/fafaya/Desktop/语料处理+代码/废弃语料/TAASSC_Input_Human/Human_Journal_of_Second_Language_Writing_Collaborative_writing_in_a_Chinese_as_a_foreign_language_classroom_Learners_perceptions_and_motivations.txt,Human_Journal_of_Second_Language_Writing_Collaborative_writing_in_a_Chinese_as_a_foreign_language_classroom_Learners_perceptions_and_motivations.txt,194
Human,/Users/fafaya/Desktop/语料处理+代码/废弃语料/TAASSC_Input_Human/Human_Journal_of_Second_Language_Writing_Computer-mediated_collaborative_writing_in_L2_classrooms_A_systematic_review.txt,Human_Journal_of_Second_Language_Writing_Computer-mediated_collaborative_writing_in_L2_classrooms_A_systematic_review.txt,205
Human,/Users/fafaya/Desktop/语料处理+代码/废弃语料/TAASSC_Input_Human/Human_Journal_of_Second_Language_Writing_Effect_of_strategy_instruction_on_EFL_students_video-mediated_integrated_writing_performance.txt,Human_Journal_of_Second_Language_Writing_Effect_of_strategy_instruction_on_EFL_students_video-mediated_integrated_writing_performance.txt,189
Human,/Users/fafaya/Desktop/语料处理+代码/废弃语料/TAASSC_Input_Human/Human_Journal_of_Second_Language_Writing_Elements_of_doctoral_apprenticeship_Community_feedback_and_the_acquisition_of_writing_expertise.txt,Human_Journal_of_Second_Language_Writing_Elements_of_doctoral_apprenticeship_Community_feedback_and_the_acquisition_of_writing_expertise.txt,134
Human,/Users/fafaya/Desktop/语料处理+代码/废弃语料/TAASSC_Input_Human/Human_Journal_of_Second_Language_Writing_Emergence_of_multiple_groups_of_learners_with_different_writing-development_trajectories_in_classroom_Growth_mixture_modeling.txt,Human_Journal_of_Second_Language_Writing_Emergence_of_multiple_groups_of_learners_with_different_writing-development_trajectories_in_classroom_Growth_mixture_modeling.txt,193
Human,/Users/fafaya/Desktop/语料处理+代码/废弃语料/TAASSC_Input_Human/Human_Journal_of_Second_Language_Writing_Empowering_learners_in_the_secondforeign_language_classroom_Can_self-regulated_learning_strategies-based_writing_instruction_make_a_difference.txt,Human_Journal_of_Second_Language_Writing_Empowering_learners_in_the_secondforeign_language_classroom_Can_self-regulated_learning_strategies-based_writing_instruction_make_a_difference.txt,185
Human,/Users/fafaya/Desktop/语料处理+代码/废弃语料/TAASSC_Input_Human/Human_Journal_of_Second_Language_Writing_English_language_teaching_of_attitude_and_emotion_in_digital_multimodal_composition.txt,Human_Journal_of_Second_Language_Writing_English_language_teaching_of_attitude_and_emotion_in_digital_multimodal_composition.txt,199
Human,/Users/fafaya/Desktop/语料处理+代码/废弃语料/TAASSC_Input_Human/Human_Journal_of_Second_Language_Writing_English_writing_skills_of_students_in_upper_secondary_education_Results_from_an_empirical_study_in_Switzerland_and_Germany.txt,Human_Journal_of_Second_Language_Writing_English_writing_skills_of_students_in_upper_secondary_education_Results_from_an_empirical_study_in_Switzerland_and_Germany.txt,164
Human,/Users/fafaya/Desktop/语料处理+代码/废弃语料/TAASSC_Input_Human/Human_Journal_of_Second_Language_Writing_Exploring_the_relationships_among_cognitive_and_linguistic_resources_writing_processes_and_written_products_in_second_language_writing.txt,Human_Journal_of_Second_Language_Writing_Exploring_the_relationships_among_cognitive_and_linguistic_resources_writing_processes_and_written_products_in_second_language_writing.txt,212
Human,/Users/fafaya/Desktop/语料处理+代码/废弃语料/TAASSC_Input_Human/Human_Journal_of_Second_Language_Writing_Feedback-giving_practice_for_L2_writing_teachers_Friend_or_foe.txt,Human_Journal_of_Second_Language_Writing_Feedback-giving_practice_for_L2_writing_teachers_Friend_or_foe.txt,190
Human,/Users/fafaya/Desktop/语料处理+代码/废弃语料/TAASSC_Input_Human/Human_Journal_of_Second_Language_Writing_Future_selves_enjoyment_and_anxiety_as_predictors_of_L2_writing_achievement.txt,Human_Journal_of_Second_Language_Writing_Future_selves_enjoyment_and_anxiety_as_predictors_of_L2_writing_achievement.txt,191
Human,/Users/fafaya/Desktop/语料处理+代码/废弃语料/TAASSC_Input_Human/Human_Journal_of_Second_Language_Writing_Investigating_L2_writing_through_tutor-tutee_interactions_and_revisions_A_case_study_of_a_multilingual_writer_in_EAP_tutorials.txt,Human_Journal_of_Second_Language_Writing_Investigating_L2_writing_through_tutor-tutee_interactions_and_revisions_A_case_study_of_a_multilingual_writer_in_EAP_tutorials.txt,201
Human,/Users/fafaya/Desktop/语料处理+代码/废弃语料/TAASSC_Input_Human/Human_Journal_of_Second_Language_Writing_Multimodal_assignments_in_higher_education_Implications_for_multimodal_writing_tasks_for_L2_writers.txt,Human_Journal_of_Second_Language_Writing_Multimodal_assignments_in_higher_education_Implications_for_multimodal_writing_tasks_for_L2_writers.txt,143
Human,/Users/fafaya/Desktop/语料处理+代码/废弃语料/TAASSC_Input_Human/Human_Journal_of_Second_Language_Writing_Relationship_between_second_language_English_writing_self-efficacy_and_achievement_A_meta-regression_analysis.txt,Human_Journal_of_Second_Language_Writing_Relationship_between_second_language_English_writing_self-efficacy_and_achievement_A_meta-regression_analysis.txt,237
Human,/Users/fafaya/Desktop/语料处理+代码/废弃语料/TAASSC_Input_Human/Human_Journal_of_Second_Language_Writing_Self-regulation_and_personality_among_L2_writers_Integrating_trait_state_and_learner_perspectives.txt,Human_Journal_of_Second_Language_Writing_Self-regulation_and_personality_among_L2_writers_Integrating_trait_state_and_learner_perspectives.txt,173
Human,/Users/fafaya/Desktop/语料处理+代码/废弃语料/TAASSC_Input_Human/Human_Journal_of_Second_Language_Writing_Syntactic_and_lexical_features_of_adolescent_L2_students_academic_writing.txt,Human_Journal_of_Second_Language_Writing_Syntactic_and_lexical_features_of_adolescent_L2_students_academic_writing.txt,205
Human,/Users/fafaya/Desktop/语料处理+代码/废弃语料/TAASSC_Input_Human/Human_Journal_of_Second_Language_Writing_Teachers_attempts_at_focused_written_corrective_feedback_in_situ.txt,Human_Journal_of_Second_Language_Writing_Teachers_attempts_at_focused_written_corrective_feedback_in_situ.txt,186
Human,/Users/fafaya/Desktop/语料处理+代码/废弃语料/TAASSC_Input_Human/Human_Journal_of_Second_Language_Writing_The_effects_of_working_memory_and_L2_proficiency_on_L2_writing.txt,Human_Journal_of_Second_Language_Writing_The_effects_of_working_memory_and_L2_proficiency_on_L2_writing.txt,129
Human,/Users/fafaya/Desktop/语料处理+代码/废弃语料/TAASSC_Input_Human/Human_Journal_of_Second_Language_Writing_The_longitudinal_development_of_second_language_writers_metacognitive_genre_awareness.txt,Human_Journal_of_Second_Language_Writing_The_longitudinal_development_of_second_language_writers_metacognitive_genre_awareness.txt,187
Human,/Users/fafaya/Desktop/语料处理+代码/废弃语料/TAASSC_Input_Human/Human_Journal_of_Second_Language_Writing_The_potential_power_of_play_in_second_language_academic_writing.txt,Human_Journal_of_Second_Language_Writing_The_potential_power_of_play_in_second_language_academic_writing.txt,168
Human,/Users/fafaya/Desktop/语料处理+代码/废弃语料/TAASSC_Input_Human/Human_Journal_of_Second_Language_Writing_Transpacific_telecollaboration_and_L2_writing_Influences_of_interpersonal_dynamics_on_peer_feedback_and_revision_uptake.txt,Human_Journal_of_Second_Language_Writing_Transpacific_telecollaboration_and_L2_writing_Influences_of_interpersonal_dynamics_on_peer_feedback_and_revision_uptake.txt,197
Human,/Users/fafaya/Desktop/语料处理+代码/废弃语料/TAASSC_Input_Human/Human_Journal_of_Second_Language_Writing_Understanding_L2_writing_teacher_expertise.txt,Human_Journal_of_Second_Language_Writing_Understanding_L2_writing_teacher_expertise.txt,187
Human,/Users/fafaya/Desktop/语料处理+代码/废弃语料/TAASSC_Input_Human/Human_Journal_of_Second_Language_Writing_Understanding_Macau_novice_secondary_teachers_beliefs_and_practices_of_EFL_writing_instruction_A_complexity_theory_perspective.txt,Human_Journal_of_Second_Language_Writing_Understanding_Macau_novice_secondary_teachers_beliefs_and_practices_of_EFL_writing_instruction_A_complexity_theory_perspective.txt,191
Human,/Users/fafaya/Desktop/语料处理+代码/废弃语料/TAASSC_Input_Human/Human_Journal_of_Second_Language_Writing_Variability_as_predictor_in_L2_writing_proficiency.txt,Human_Journal_of_Second_Language_Writing_Variability_as_predictor_in_L2_writing_proficiency.txt,197
Human,/Users/fafaya/Desktop/语料处理+代码/废弃语料/TAASSC_Input_Human/Human_Journal_of_Second_Language_Writing_Verb_argument_construction_complexity_indices_and_L2_writing_quality_Effects_of_writing_tasks_and_prompts.txt,Human_Journal_of_Second_Language_Writing_Verb_argument_construction_complexity_indices_and_L2_writing_quality_Effects_of_writing_tasks_and_prompts.txt,198
Human,/Users/fafaya/Desktop/语料处理+代码/废弃语料/TAASSC_Input_Human/Human_Journal_of_Second_Language_Writing_Video_and_text_feedback_on_ESL_writing_Understanding_attitude_and_negotiating_relationships.txt,Human_Journal_of_Second_Language_Writing_Video_and_text_feedback_on_ESL_writing_Understanding_attitude_and_negotiating_relationships.txt,185
Human,/Users/fafaya/Desktop/语料处理+代码/废弃语料/TAASSC_Input_Human/Human_Journal_of_Second_Language_Writing_What_works_may_hurt_The_negative_side_of_feedback_in_second_language_writing.txt,Human_Journal_of_Second_Language_Writing_What_works_may_hurt_The_negative_side_of_feedback_in_second_language_writing.txt,161
Human,/Users/fafaya/Desktop/语料处理+代码/废弃语料/TAASSC_Input_Human/Human_System_A_comparative_study_of_the_effects_of_L1_and_L2_prewriting_discussions_on_L2_writing_performance.txt,Human_System_A_comparative_study_of_the_effects_of_L1_and_L2_prewriting_discussions_on_L2_writing_performance.txt,196
Human,/Users/fafaya/Desktop/语料处理+代码/废弃语料/TAASSC_Input_Human/Human_System_A_diachronic_analysis_of_explicit_definitions_and_implicit_conceptualizations_of_language_learning_strategies.txt,Human_System_A_diachronic_analysis_of_explicit_definitions_and_implicit_conceptualizations_of_language_learning_strategies.txt,198
Human,/Users/fafaya/Desktop/语料处理+代码/废弃语料/TAASSC_Input_Human/Human_System_A_latent_profile_analysis_of_EFL_learners_self-efficacy_Associations_with_academic_emotions_and_language_proficiency.txt,Human_System_A_latent_profile_analysis_of_EFL_learners_self-efficacy_Associations_with_academic_emotions_and_language_proficiency.txt,194
Human,/Users/fafaya/Desktop/语料处理+代码/废弃语料/TAASSC_Input_Human/Human_System_A_study_of_Chinese_EFL_learners_problems_with_stress_acquisition.txt,Human_System_A_study_of_Chinese_EFL_learners_problems_with_stress_acquisition.txt,176
Human,/Users/fafaya/Desktop/语料处理+代码/废弃语料/TAASSC_Input_Human/Human_System_Collage_of_confusion_An_analysis_of_one_universitys_multiple_plagiarism_policies.txt,Human_System_Collage_of_confusion_An_analysis_of_one_universitys_multiple_plagiarism_policies.txt,141
Human,/Users/fafaya/Desktop/语料处理+代码/废弃语料/TAASSC_Input_Human/Human_System_Combining_computer-mediated_communication_with_data-driven_instruction_EFL_learners_pragmatic_development_of_compliment_responses.txt,Human_System_Combining_computer-mediated_communication_with_data-driven_instruction_EFL_learners_pragmatic_development_of_compliment_responses.txt,214
Human,/Users/fafaya/Desktop/语料处理+代码/废弃语料/TAASSC_Input_Human/Human_System_Conversation_Cloud_A_videoconferencing_learning_ecology_for_Thai_undergraduate_EFL_learners.txt,Human_System_Conversation_Cloud_A_videoconferencing_learning_ecology_for_Thai_undergraduate_EFL_learners.txt,167
Human,/Users/fafaya/Desktop/语料处理+代码/废弃语料/TAASSC_Input_Human/Human_System_Effects_of_an_Instant_Response_System_integrated_learning_activity_on_EFL_students_learning_achievement_and_perceptions.txt,Human_System_Effects_of_an_Instant_Response_System_integrated_learning_activity_on_EFL_students_learning_achievement_and_perceptions.txt,178
Human,/Users/fafaya/Desktop/语料处理+代码/废弃语料/TAASSC_Input_Human/Human_System_Epistemic_agency_a_double-stimulation_and_video-based_learning_A_formative_intervention_study_in_language_teacher_education.txt,Human_System_Epistemic_agency_a_double-stimulation_and_video-based_learning_A_formative_intervention_study_in_language_teacher_education.txt,204
Human,/Users/fafaya/Desktop/语料处理+代码/废弃语料/TAASSC_Input_Human/Human_System_Explicit_instruction_for_the_development_of_L2_Spanish_pragmatic_ability_during_study_abroad.txt,Human_System_Explicit_instruction_for_the_development_of_L2_Spanish_pragmatic_ability_during_study_abroad.txt,174
Human,/Users/fafaya/Desktop/语料处理+代码/废弃语料/TAASSC_Input_Human/Human_System_Exploring_students_demotivation_and_remotivation_in_learning_English.txt,Human_System_Exploring_students_demotivation_and_remotivation_in_learning_English.txt,283
Human,/Users/fafaya/Desktop/语料处理+代码/废弃语料/TAASSC_Input_Human/Human_System_Hong_Kong_secondary_students_self-regulated_learning_strategy_use_and_English_writing_Influences_of_motivational_beliefs.txt,Human_System_Hong_Kong_secondary_students_self-regulated_learning_strategy_use_and_English_writing_Influences_of_motivational_beliefs.txt,246
Human,/Users/fafaya/Desktop/语料处理+代码/废弃语料/TAASSC_Input_Human/Human_System_Incidental_lexical_mining_in_task_repetition_The_role_of_input_input_repetition_and_individual_differences.txt,Human_System_Incidental_lexical_mining_in_task_repetition_The_role_of_input_input_repetition_and_individual_differences.txt,201
Human,/Users/fafaya/Desktop/语料处理+代码/废弃语料/TAASSC_Input_Human/Human_System_Integrativeness_in_Malaysia_The_socio-educational_model_in_a_modern_Asian_context.txt,Human_System_Integrativeness_in_Malaysia_The_socio-educational_model_in_a_modern_Asian_context.txt,183
Human,/Users/fafaya/Desktop/语料处理+代码/废弃语料/TAASSC_Input_Human/Human_System_Pre-service_language_teacher_wellbeing_as_a_complex_dynamic_system.txt,Human_System_Pre-service_language_teacher_wellbeing_as_a_complex_dynamic_system.txt,200
Human,/Users/fafaya/Desktop/语料处理+代码/废弃语料/TAASSC_Input_Human/Human_System_Predicting_the_emotional_labor_strategies_of_Chinese_English_Foreign_Language_teachers.txt,Human_System_Predicting_the_emotional_labor_strategies_of_Chinese_English_Foreign_Language_teachers.txt,149
Human,/Users/fafaya/Desktop/语料处理+代码/废弃语料/TAASSC_Input_Human/Human_System_Profiling_the_motivational_characteristics_of_Greek_university_students.txt,Human_System_Profiling_the_motivational_characteristics_of_Greek_university_students.txt,195
Human,/Users/fafaya/Desktop/语料处理+代码/废弃语料/TAASSC_Input_Human/Human_System_Protecting_and_enhancing_willingness_to_communicate_with_idiodynamic_peer-peer_strategy_sharing.txt,Human_System_Protecting_and_enhancing_willingness_to_communicate_with_idiodynamic_peer-peer_strategy_sharing.txt,215
Human,/Users/fafaya/Desktop/语料处理+代码/废弃语料/TAASSC_Input_Human/Human_System_Research_trends_in_trans-_studies_on_writing_A_bibliometric_analysis.txt,Human_System_Research_trends_in_trans-_studies_on_writing_A_bibliometric_analysis.txt,195
Human,/Users/fafaya/Desktop/语料处理+代码/废弃语料/TAASSC_Input_Human/Human_System_Self-regulated_listening_of_students_at_transition_from_high_school_to_an_English_medium_instruction_EMI_transnational_university_in_China.txt,Human_System_Self-regulated_listening_of_students_at_transition_from_high_school_to_an_English_medium_instruction_EMI_transnational_university_in_China.txt,206
Human,/Users/fafaya/Desktop/语料处理+代码/废弃语料/TAASSC_Input_Human/Human_System_Students_academic_language-related_challenges_in_English_Medium_Instruction_The_role_of_English_proficiency_and_language_gain.txt,Human_System_Students_academic_language-related_challenges_in_English_Medium_Instruction_The_role_of_English_proficiency_and_language_gain.txt,180
Human,/Users/fafaya/Desktop/语料处理+代码/废弃语料/TAASSC_Input_Human/Human_System_Task-related_focus-on-forms_foreign_language_vocabulary_development_Focus_on_spoken_form_and_word_parts.txt,Human_System_Task-related_focus-on-forms_foreign_language_vocabulary_development_Focus_on_spoken_form_and_word_parts.txt,229
Human,/Users/fafaya/Desktop/语料处理+代码/废弃语料/TAASSC_Input_Human/Human_System_The_effect_of_spacing_on_incidental_and_deliberate_learning_of_L2_collocations.txt,Human_System_The_effect_of_spacing_on_incidental_and_deliberate_learning_of_L2_collocations.txt,167
Human,/Users/fafaya/Desktop/语料处理+代码/废弃语料/TAASSC_Input_Human/Human_System_The_effect_of_task_constraints_on_idea_generation_in_creative_word-formation_group_work_for_beginner-level_German_learners.txt,Human_System_The_effect_of_task_constraints_on_idea_generation_in_creative_word-formation_group_work_for_beginner-level_German_learners.txt,188
Human,/Users/fafaya/Desktop/语料处理+代码/废弃语料/TAASSC_Input_Human/Human_System_The_effect_of_visuospatial_designing_elements_of_zoomable_user_interfaces_on_second_language_vocabulary_acquisition.txt,Human_System_The_effect_of_visuospatial_designing_elements_of_zoomable_user_interfaces_on_second_language_vocabulary_acquisition.txt,109
Human,/Users/fafaya/Desktop/语料处理+代码/废弃语料/TAASSC_Input_Human/Human_System_The_effects_of_proficiency_and_textual_enhancement_technique_on_noticing.txt,Human_System_The_effects_of_proficiency_and_textual_enhancement_technique_on_noticing.txt,200
Human,/Users/fafaya/Desktop/语料处理+代码/废弃语料/TAASSC_Input_Human/Human_System_The_impact_of_a_professional_development_program_on_EFL_teachers_beliefs_about_corrective_feedback.txt,Human_System_The_impact_of_a_professional_development_program_on_EFL_teachers_beliefs_about_corrective_feedback.txt,207
Human,/Users/fafaya/Desktop/语料处理+代码/废弃语料/TAASSC_Input_Human/Human_System_The_predictive_effects_of_classroom_environment_and_trait_emotional_intelligence_on_Foreign_Language_Enjoyment_and_Anxiety.txt,Human_System_The_predictive_effects_of_classroom_environment_and_trait_emotional_intelligence_on_Foreign_Language_Enjoyment_and_Anxiety.txt,215
Human,/Users/fafaya/Desktop/语料处理+代码/废弃语料/TAASSC_Input_Human/Human_System_When_to_conduct_a_vocabulary_quiz_before_the_review_or_after_the_review.txt,Human_System_When_to_conduct_a_vocabulary_quiz_before_the_review_or_after_the_review.txt,158
Human,/Users/fafaya/Desktop/语料处理+代码/废弃语料/TAASSC_Input_Human/Human_System_Why_so_nervous_Revisiting_the_sources_of_speech_anxiety_in_Chinese_as_a_second_language.txt,Human_System_Why_so_nervous_Revisiting_the_sources_of_speech_anxiety_in_Chinese_as_a_second_language.txt,144
